2JbMscSHQH4vPaGCZzNRpstzaj92XC8Dv5yXQW6twzAA6yPnYtuyowBDe4j2A2XBNSrxRw4PMVZHuPEe45md4ZyV,1884436160
2DnvyuREpAUREUnTD44SgxCai2NoCpag2vy61pmwGX9iAAnuTFSP57f7hVWoxFCLTZTuwH6ksBF3KHSjzT3Tu115,1884436160
4ZV2pCWqZK1EMQf68EgtiWBPhYCw8pH5kx7CD8LW2pAHWvXNecRdeK6LnM1PMcR22akUJB1Tn6BmuqtbNSkLMi2V,1884436160
2QPLmozNJqEMp9rRQxkicF7oLp9GzWotB9eBkEiDQbWFjpyLFK4GzsP9poNbe9QZongDa9sxHd2a3rDTBq4HhKe5,1884436160
2trkzXSCrA4zD4KFDdhLV7SETyaLLUioAnYhugbwXTGbEkmGSnYjZcMrKh3qPKQDWUpxehrjeqNitPNsLFfcsmK1,1884436160
YUtpoRenAmk6bHcxpwWJtyCh6Qqhb5cNac4zDMRS4R36PGSMKWwRBCiYqpRWh6okZwJocnbN2FPjXP9rMScM6Ne,1884436160
cBXyPgyDLF9bSF4j1UZL11cRg3UqrcTeLNBG5Nfu7UQETcxEvjXyPZoz4yK6hAczeokDW5Sy1NSP9FXQjRyJned,1884436160
5NVBfn6JseJSamLwz6cWzkGpnyaHwt4SgvwXVV1oj3AoeXoECeAjPnM5378SRAEQC6M6PKPAg91HyyTZRynRFnuW,1884436160
29WfGaTmkDD6V8HVoHWdp1awKagBD3DjGc9RMQMG1bCqW4Fr3tNnDH23DPfnERVgXk7LkraLJqTNcoHdHPE9v4Ap,1884436160
5jtKLTY1PaQiVQ3EfdZvs75NX8NZiKos21hquuuiTrpS7c1F2Z5W58SxBMTpGVo6FVABvN2rwn1kP544AUpMV1tt,1884436160
63UD7Lbswd2hRW1M1AzUWrdQHj1xktLzSkPpX6CcAoeJ8L6TaSb35RmRCrrHukCYjXBAsLmiY7bLSPinfoWQeC8G,1884436160
5VQqjKxXTJS9VXPKFvq3eUHCxwH6xgUgnU3cZDB9QPRdWDDjJWWXb4235Gq3qHgXUsy9XZaKMarSALQPe7ByP8XB,1884436160
3b8BfPMPvZwEUC9RtiGaPY7fDFw7c1tm6LypAaF5m1Zuk35enRLLrFKDMEyjNZHEtEstHpeXUFHxRmHAu4B65ukA,1884436160
4QeCQg28g55aURdcT3fauvianEgFZvkW8uSFahMZ81i59Wfa3zG3idZnsh2Hyf8qUVgtgy9a5DrZQwCNq1M6Tv42,1884436160
4FJkShh5tvgbk4TbLmb5WGsF1oMifdahd4sfNTBVp34WvYVJUBBpAyLJvjT4VKeRqrdPcbk8WoBwWRZRbdvS6oKB,1884436160
TjWC6aCP2knSHbJc81omoanEVart4RxijZR3qwnrEGZPmjCUGGq1v5rUJnTKVWK4MDnKQFjnNHMvvMoTL8pUYZV,1884436160
211VhfNW7mPw51BnHtxZYABjs2QNx2vi9faLNY3MDumUXcqaJnTALL7JYNzxkW6nCdUTR9cAweoEmXMM8qiA5nLK,1884436160
2TU6ckCoVGbrxMut5oUPxXg2BNm2BHFggiCqjBFkUeG4yGUxHRqjYnyR6caJXNrBy3ErKQ99YH8EYk9AjmJrNXpm,1884436160
2HRU8xQ9TBZaDRDQcuWCAWEkojRdEVS1eiACMKDabtZV6dTxrRBbupf477Mv6P6PSPtWh7z8j3FHm5trgFwTUf1Y,1884436160
BFHJBaCDqtx4LLuRRptcvr81WvgPYtx47xDCN7Hr1aHkUZYyLNc5wPxUxDWMWt4AjaG9YEgSefpt3REAemdoYTQ,1884436160
3bMDD6ictCpXNJY6EGSbM2nVfrWrBFenEUBrYkf2FBNWZZ7i8pWaSTjkrHQjacea48WNFxfcKb3NFUeSMwDVjsWT,1884436160
2zPp3i2tkRMJvwtkRYDLG3g4ZiWqJV4hzofBtGCG3s8C1Fc8LJhqiQHw8HwjEmvNtLetA47h9LnxfMaD1J9JVjo1,1884436160
4gD4mShc3muVV5W9RGt56SBhQexiqLmDjToBBnbZfEB6aG5HLbTc2N7MvER3AMgwacYzN1pfBGM3NPohQsh8Zku,1884436160
3WMkW8sqDsbx9PboGmqZ5g2UafvCh4PzSud7M6sYDvKVZGGcBBusXatq64sgnayLPkZQJNsTEWrb4rgNnYzfJnya,1884436160
3NbLSQ3rXLDB4iDDYSXCYsEHvtEMzd9zLuf9FCYhEgYjAShav4dYNiV11A1BdkhPMkL47Rp292uJfKHFhSUQ6R2M,1884436160
ZmYVNDjG2bRJfqYyqzZH3c8J6im53ZPcngixAPyYoD77tgdrp9RAYEPCDPTYwinGXVkP9weTg9BUBRfow1bCqks,1884436160
4XPRa8Rkp2Qxf1WGVTUVHdUsiQdo34NHf1dbVJ5a48QNVHpR9SRPosE16zD2gzMCrGLsESZi5VowW8NoiZCBE3Wf,1884436160
4JTBAgvitYrLaPMgLy9DxQCwq1f9Ju3oXmGScmUhBT7CtL3phdMKXiTTMidsmExdZeFL8WWojK5qb4va6PzSUyHX,1884436160
4oDJJFvLPKeT9Fj1WRdYeHTwU6i9JhfcuvvA4wNRjBMrqjhNFSHykyAoP3uHa3tNLuSxxZjaE8y8VJeHGwdM4mxb,1884436160
3QGzJh5BZ6eKNiA9jJwgQGc4xwbCRnnEtxUPDmCjAZCaki62FsD2Y7EkqdepLMyfxbV26ooVrsX6NgZayUjyhyeA,1884436160
3EZYKM41QiC1Rvj3DdqfUmtPcgDvZxQrc6gFLoVaB4ED8MjPWjKaenYgB3o61zCbPqFQMYr42bDeqknNLHG27XTH,1884436160
46LLjcauJL8Wc8WfBBMFiLVczwteMa7iWnCXsG9wj9r5YXJbmXqP3TGRCcK4wJsTw7xAcP1gUYRe2N73FEwqhqEQ,1884436160
5JbgJaqyC81MKfwHmqxd45wAT2h1wgpiPWJcxo2BGjUUkiphDbHQWrz1XNoLDVehYFBWn8jv2gLL7CJXRstaHhBq,1884436160
4yxrFCXk4uj5SUD8oS8rxyewc5hbcTnD6KwekUxbciyJ7tUurVBFDy46WSAhV26ZDY2UhoURFWhExcxTcznnB4BS,1884436160
4Dh6EMtfbFy9s83BMCimHemdYFGZSAgn7iMhQ378SsADDEc5ZtKcZjqXT7dTSoP7ew8Q7q6c5m4p44Q45s9LPrJc,1884436160
4hWpZnHS4XkgjR4eXCciiiaJhGcH7prMZ7TWbK15DS1xPUtBSgr4Aw6Fxf1ueRASnV8R7yqeVuGeoC8eEkFcLVqJ,1884436160
2U6cx5TKABMwp4rWNHv2j5V1knzk9sVDyteqi2TeVePtT6fvBMbA3tSSqQSzBFmjQsGEys1F5i67SiM2iQufF5va,1884436160
4PGHnPtd2e67EcmVJvmHbQXTBpRUGD3W5rmA5jpEjV5q1nvBgAHezWn8vjQhDr2brYt9yBye3fbGJFn4phKWr2S3,1884436160
4vzBkUV3T99wjsEowz6tNPiWvmbp76ay5nncW8bWAggVTtAE8GhYqs7Gu28zWtu3ctmGed8wqHGKjAU4jyM8C6td,1884436160
2T8oUvLT9nTZuJkVxUwrR3vU7NvWQGsVUeBYQbxNfEYygaUgJHQAHko7ELBSANXusPRHPKnKXtWXwdJnEvZZcgZL,1884436160
gsdyU68rcLvxhSAxUg96avwFfoBZZaDYoG4uZQWdy71GHA3EpBEvotXKmEcNwbAZTDMd2fNcxCJG58idZRxyR2z,1884436160
3QCTvpCecSn6URUPqjQquYepNx9JpXy93mf1rST4ZCrWtBG2od36AimW6tGwz7YYpbSYxVStZLRSQtrgunFBgYgQ,1884436160
5kgvejGwXjeMYzxeCwcuQq2sbhhTz7KP6h8Ucky19NKLip3dEat93CL546cg9N6GsqbqCCHhtmFPdYskBDkcFgUt,1884436160
4XoPzknnx1LBzabeWnRrDpxPzfy4PWy65tFD2uQgshFPtoW1kPuFrEJEPiq6yvfqRcfFzxWz2nRFAk2qU5fzQmVJ,1884436160
5ohuLavNoyRfuNz4ZiPA6g5gViySdHt3pi5EYz3UQXMC2DsLzRTCuzsyqZ7vCYo5vJmAf3xYxvsR8RJfvCcpvG7q,1884436160
3H6Ykmk42TD6tiMppsWWN1c1R5bcow14mBYsD5EQLkn2rvdeRcmJbWaBEZUeRxP7fmbbCFn6N83ruA5Ky2AytqgK,1884436160
38nknEER7L8zNe87fTWbN4AqhpN4GqnAMgTxyKs4MkYyoMAX22opq3aMWkWKtW94zjkC5wU3Lronnt3Wbxk5AtGi,1884436160
4Cg4qn2Vtztj8XJSjEviGGL5saHwngH5PaNucWqgRonTFnWSfiSNUCvxkH8c1L5Hs4VSN8Hgvvd8jCdNsW1f82UA,1884436160
2hzqTBbqBPi6xS9hM2eH8RPnkZ8nUrJjZCT6QCXF2npHq5uX4bTHoQkfYvLBkyyZq4rsfqh5EapsTxHf2ZCAoWpt,1884436160
3pejbrX1pNbrtSTgvEWU6jRio77mN9XbgGHkRMx5iUvSWahwgtwNc7to2SrAKAnoCP48Wka7eQ8fgABwtFEDfTVs,1884436160
42Ef8ewfwkeurGVwm2FA9MpRHWTTzTCyDnamE9VGAWPBKcFH9y6zjoH8XnUK9tQGQpP28KpDaJjNJn3EYKsEXyie,1884436160
5gaqRgevr4ptpcAULju5XMQHCHEeviECiiZ7aPxqd7erutwmYRiyN5hbsm3Vj2whC8ZWQ1P4Tevqy3SkFuHLZCwH,1884436160
S81DrJ9UL4kn3qXLCo7LeDJCVEr3DrCaBsSHRHjZGapnMX7YHonezXKhqkojpsUXQLY96En9Q3254HsTaPYUwnW,1884436160
5ixHT4Y2FtmV5xheeNwN1UQXzobqzoAiiHMqhQQSyppFbdn76oHPAWHgxG8HiQpqnCb9p4mkmSTQ8o6FfsUrSzCj,1884436160
27Gmvigo6XgHZVqz4AppJSH9Ujf61fRETQDbkZAH9oz8mBe4Y7mz3PXjqaeu6M1REiBSb4D7iFm5d1ScEGcE5Kun,1884436160
5g9kMxyq691NA5kkedDUzHb6dpMhsZKxNb3jAN8hwG4y5bThHwNeHskiBC5zK2wcsLi7iJ6hwRCXcWupvZUyFW9M,1884436160
3zZe9A1utfkdDJBLZAM3hXgfbQ6C1D7NHtp7vHybs2vmLdYBbiweYyneypLaCjwYWxsmWQqzYzdjMvkyGygFnTaU,1884436160
5JAj8HP2dsx81Pa8iLW4ga7JF2BtsRa8kGXvLQ23nvSvXXahBaXFeHK1msyFCWBLuB6GMshdKZV5TpyTuY3EL7eA,1884436160
jNSMMdrcQZV7yxnaHAH8yGt64NZBRDW3zndVswpBXMi3t7s5yCifss2FQUAXAQKRAmz51YANsTYmPqpr1RCG1ss,1884436160
2m3gM3Y6H8eSoXjiJgds7Z75D2rMgyreLKLN2WHdtMFYi8Ky9pvb9Y2M6zdvFGtvPWJSmPf4Mbw2ypDH5DWwwNr7,1884436160
5SYw8ychxceidGhBCB1X48hhbLD9kzLGofX2m7TWGmBGAc8JwHAfgyhp4onjYTi9VBf9DGgQRdwCoXnXgGmmYBQM,1884436160
5zY7coUsuFRF2EBxmZZ8FpugFWSGwtKo5kwVJnKsBu6HS6ZoZWhEaHqkJDUGasxkiBJ34BBjRyx9cz7ya1X2CekG,1884436160
4MhYEngkMuEegfrC5grxux1i5auHzxNAUo22xvHvSwfmTJLKDdVqYb8y8kwS3Sx15aW81QzvjcReUZfetzNKScFB,1884436160
4fyLDK3Fq1JF57SkBKt2m196m5agqCNLRE5FLVnYBT616HMvFGwUs2xYLyrZjWyVYoN6FLKJZDgr6LaEuTumfKpc,1884436160
43cPvXPwD6va7bjrTWQm2DLniVM8zmupSr5fJz9hkDS8QtK1K65K1idRGaD1tBZcap7W8kbZxQfxf8keKfnhGs7i,1884436160
tRsnarum4LGTSXT9hXtXLvgGnmyCJDR4jKRFjdJa5N7RFMg6LkBYjvWrd5Xr1WRKQPNYgRzfmEn21k9yonWKdWe,1884436160
3vaVJmBsG3HeiCE1A1sutbBWc9pLK3RHPw4vfLTpgNnG971xWCsur8zRj3qByX3qXixHUu4LgfoWrVCuP3CHuKXy,1884436160
3uU64itZCDx4tRxVYAoEF47UEbzTBYgQ9Zfskwn6VA9Rv61m6fAXMDe6LRHmdmtaxXoiAXnh6fDmV3Zv1KSqswGW,1884436160
5QgCbBndz2eZiNrX9vbWHQjyHUSNDL67R1UHD5Rc7ET5vR8PTwoXcxQBZhdt2Kn22QKcaMvSbB1Gt6R964UYmSVu,1884436160
NzhuRmXiqhmmZw3FAh9bU6ai9ohegW44EBxDiBU8NfWUQsmkVnmscgapGk28Kqv7RtPMVkLQyEP3YJKw2ZoNNH7,1884436160
2inW9UeTfr9LH4e3n2DGqs9Tu4yC9ErEex3C65Rx9LpwbczpwvQPBHJzHctoJmnWHroPPoMaMjAsLvJpnLMCQNA6,1884436160
5DdhNVhVjMPJRozdxVyLQPit1hDkDVqjMDc44zqQrQQenFEKGev7F64p6b9cDTpcM9jMEQ7yTXfxqpHzpT9RsQGU,1884436160
56zSaJvvXSsD3pa1CTjtVTwvCHCw4wcyZQfsEqKrM4EMh6r9hqyAas9e5YrmGPsVGFTTFBTE49rgeNsBEP245yMq,1884436160
XJw7ihQubQrYPvAMof96oSJNphQYySwFwqNjNbMqsA95EFr2uDXEGx9rr8oKEDRNoAMvimiBQQtawkcKEYkK9N4,1884436160
3NS3takhRheUh1hnmML4e3WbgxsYEJS67awFwNsiKer4TTZZXNrGMLcDkc5V9GejG4Tr4fTwNUbJTkSmFDrBnRe2,1884436160
2Jsxhe152pr2cXiVer7x1hK72Sk7ZR38VTSkSgx6RnrfMvEhFHWfFB23ZX2P2AzAwR42r3AV9vbLYFhGT7msfgsp,1884436160
4Rs3TpX4zNGr8HgSvYXkvvmHG9ZHTYCgKGURoPpBCc9L9E2i9xjWqrUcQrHDY5C7kHBcR8swcCKiPebVhRuv2dqd,1884436160
5wdUcZhdnJFbK8M4UZj8jom4DLHmWNy5omY2MZh59SD6HNrBxqGpa5irSjgpSAR4ZfAopmqYhDNr4qJTyWxYBSVF,1884436160
43g8kYGD7Z5EMk3Suu7mTW96CxgYPJqaGKn9Dtw4vB7yJVHZMkJtfBGJ1vX2oeWDzX7hrNgfKBFNPhR6KzLGVUNG,1884436160
2nrDG32oU8bxiPKsmgfFs7io8QQvSEbRtfoiUZYRbYhbjcGHGsQq2wiB3i2gjnKuFMCTmigAmEJdtm5BN4FczhUr,1884436160
Esc5Yi9kBCuXhYdyoBmBANQMWzQSu35TWzcvifdVWDAxauUNcDfQ6juoYnzoHqDSPVmrHTKWrawynK8pLFwq3J7,1884436160
2HLP24ybbfFRfkEvBytXe2hkxZGEzYj857AxNzUUv5SVJ8zJ54pnUr1DC6QDhGRVmpP6QLWhzfXQveJqkLzyFHFG,1884436160
2qDLgyTUN6zrZfQkTgVGzFPrTsTBP5vWEdp96QFqDosy6UUTP2QMz3rq3S33gTP9URX1Esua8kLJrQ23rVnigEz3,1884436160
itviPTM8aoGmWnqaoDzS4tKNNjVsxoh9SK96zXCn8TB6w8raiJKti54ZdnD2svX5fkbxGTvSjLQeFz1g9bpD6SL,1884436160
2uc36CQfK7Ng2iSPujSHURKkcH3Erh4pjFafigpFWnrGmnKjCFGsreGw1RJ78ZyrqeHr3cJnEK8frx85MZuynBWE,1884436160
324kNCnuvVf2QXkGs8k8fRMz2JF8A67iwdYxQrbFnrJJstwhNJ3Uy2QXVkaJ8uJd7kGxgZrDuHdVXPr8Xgzk5Fdv,1884436160
49Tywz1DMRBjGw5y6BxzBpYPYdRwycvawRWrefXQ3UTetyEJB39jfunmL7zDKviqQJc19txJmqDYcbA1n8CYKPPT,1884436160
2SvSYg5CtmYYtreiLGiHUjJCSVsH2pakf97n5DWPRkbycfeQERr8yuYA9G9w5EWVAxM7ztzah3VyCBJWbRpoMvUJ,1884436160
5dHrUUGXEhVtKLJkdfaX8NRz8hgvyMD7Pp1CUGLBW3ieKqarPgJcaxzuVZFto6fKMjuKtTT4eiNWMZA1wjgS4x2o,1884436160
4Nbm7froPaGyW6VCovjzRf5MdjJf3jGVTQCGErAZB3N2Lkbh7ezSJYVVruCDFSg6CNCejE4VGaUbWUoXrdmH4qHm,1884436160
4mg78s9XLGssvT6jttDfP1WK83vkh3Kt5VLmnCcXsMRzQUXmbKLSKgsMvRr4nt2ox474mcG9Nc54YZtmG6s6UEp6,1884436160
4p2RX7gjDiYs8tcAaRhYMCgqcjyhTwJV8AfpGbaR6DqktsGG6KzXzjdFHZngVTBmtrmcDBeicmhGXJ2gorwKu3oS,1884436160
Zx8krKYCFmdwHqwHV8WX9wdGDKbkVA3hiLMJDTBwfY6WNZhXmobjxz2iq2Pzn22gz6Ni3aCFJjUZNcdooaVJpDq,1884436160
22sR5UyUn6z1TUQUQmncVZJivqTYmgseiyMzdLoSk78PnpcA7ykZQHqvAN3WBLmE2R57QfAmM6oktYBrSmFfZobz,1884436160
3Lr66kNVi1537VbiovFLrWEfmnV89kAhRZ3xZ9m1WVLquoJqTscm4nd1d3Sq21PuyhVoYW32RMYS9dAqkJvhDuoL,1884436160
3ZUdt3CFrdFZbB4ixn5gMxxrqt8Z1uP4uqCJW1Fqty1SDDizw5AkSM7U4xonfHXRNpjGLqxC53D7PsDMUjPgNiNC,1884436160
pKvx8eigwXvLPbYhsqsoda9L8XuxWeVWiPXKvF6dHDFjJi1utwmqCzZ4DtXFjV2SBJzoB7as887tsgdARvCVDtU,1884436160
4HQs7WA6w8qo9phPmwFrtGDhXU4e9ndr3SiuSoisJucA46hBSk7vLeXCig6UgYVTfwRBFzx5rZRQJHG1en64zbdR,1884436160
2jA6kArSbX5Fc5JVwEKybAtvqcp8EAyuW4Ya1954cwxL6aZp58nFA62zUWXLnPLvFDgwkDfPtmFGUbGBkJ77tMwa,1884436160
eMtWuZZsa4UC9VDWa2mZutVHhArvCu2wE4HygWSYjSSyE1Lfuk9tcWPudi8nWhmAtCTUN8V6DKK21qLTnig3kiS,1884436160
2dLHijiwZTFG524Ai5Whcv5nubgabPcPwHW7Axfx8oPpKfTz7aXKzoKu3HHZVMXkQPmUaATq6C7u2YRKswn54zpE,1884436160
285NLFuuBXt4WVGUnb3TVAE8hyDSPamb7qKXZeL2mDCCtZJLFZjzyhkB68sWAPLV4TQM5ASKzEWy9riirCcYuext,1884436160
3L2y67eyRkeewjFox1hJaAeEVm5skeQUthpNd14wP3ZhNs1rbwxWegZUAfZ73NDBcs5nESASZnU3qWm5QxyiYag,1884436160
MvMdYFqTU672xdARduAwYR7jrK72xHDiG6zFvD1os9LGK1yo8rmjMEYtViSCkKGCYPcDjQyFidcLGbJbPDTAz5N,1884436160
4XGD4RdMxrgMUYMsqTCPeh1LigWHTX4D3NgZ3HKXcySUkYDqDD91jmDeQ1S9Pb445bMMzyiuFgEjAs8cTErRBh39,1884436160
37G6J39a1qDHBpBWPaUz6UBfsPjj6tzXEiXki1z91U2j7gfyUsQtQUfKr6yctDrYVNvPtPJnE36nW7o6BpUcjVb2,1884436160
4pxUx78vtRATf6MC48aXN7bRskZxGyoEkWEr1wMaKRNoF4Dn4DuYzEDQTYmavft2HizzdEfFFBEZfTLAcyoZQHJH,1884436160
XtsVkqV9JiXXoURcdmp5hA1oKi9f791EYMbgMnGY76pDxxZeWFwb3aACbnf5qSzkY1F3q11a3bTH1cEJZfqifEU,1884436160
5kGwFofXMhwEYuLjS3Co5ph9YQEQt1yP6QvSnoKRFVF4Dd1dYKxTv9EMTm6tTWj17pyt3TKz6EyL2EsYLBen5gzC,1884436160
5UWjticDhGvdimEudAkNG72xT9yaPjJU1E1R7Z3uzaUY8gC93nhAPbdEx9hURdjCVVZ7qJPTs8vHTeDwfz1c6GMe,1884436160
3ss3ScvAzxc3rMC1TKREDkNP7n4zdDxG8f4U5keXrk1F9VVzxHhxfnszwk5V1vVMtb6D2xpYscZ6Fr9rLNiXvrov,1884436160
3gCkTnHNojPg6XWqv2Wqtj8ZWA5a4zwPbs5vV6XwbSBxAYJKwUPrSWNc4ihgnX19hkBv4SvNfPaSDMcmV5ZJqQUd,1884436160
4vBd8qUyT11wvNoQEzXVk3qkKRfpeWXLVmtAGiSyx528rMW2yHYCBPBVym5eYUagmeX9nGPgWmGfPYgh58ekSxuA,1884436160
5qAtw6iT7nTgkRVkp3MTHg1WmNsQH897xTexBDrAjxw4r2eDdXv53wRJcuYBFd6F4aqrt1rXegbWV1yFGK59Lf45,1884436160
2mFmTo2KDK3Lji89C84Pm6Pqz2te6uF5A8osG4Jyc1WhVrqDTrg5kXwgL7zvSCm1bt4YxY5vBRbubdcRhWUKGKbn,1884436160
N6WHPmd6HBSekTCbYY1ZHWcXJMXB5GXk6AxaDDZz5Min29qDKRpcvYUSUBMTrjTLiyc9pVtLUsbpgUp3pLyqAzw,1884436160
3NdfKybvVTdFaEbGrw4oAsz7FXUVJ99ddrpFAf47HQPAobuPZ4NjNz5179ghWEBUAX9Fa43aCoba5xtQHDgpS7E8,1884436160
5R34hMojJDoRLCQf1zQfxPhgyNR9XFFbBiHXAqKkA2zYaYJiHyjd181WqayHbuuB5gubEiobY3j11YRKYjySerHt,1884436160
5GZobzwKQnuFfH5QNBeQ1ZW4x3d2kAaHmh4KoUy71KArrfvo6JE9PD9hzvW6xwzbuHBYZW9kSeHPiMfyZj4UeBu4,1884436160
3wNkGCdrgqUiTuffjwdf97Emhjphgqp7WzztqBELooKpCMxxHaFmG6a8HZnekbNWYGjGmsaY7i7E23KjZprgQigD,1884436160
5rmhiccRPxEypEz3t7X7bVrc5NGBEEaiNjcvsZndowL8hpXxwDyrazzxsb3TtNBvqtfoUk2AKQezWT5YvFsJLZUa,1884436160
2J6epJuiDp7Czm61MnRD6JQDZU9q5pGbx5MZuNVhXnrB7XX1UoVYsoyen5i9tKgz6JuwKC8hmmwzeMiUuVWiM9cq,1884436160
4dEWdVDD1Lmfzo2XJ3hTicEbsAe2qvkvHSuZQhA5NDqz66hCK7VW5rjyXi9Y3oceZovnLrmnVqR3Pp22gEFPdnF5,1884436160
B9GEzjVHgP3bQV6TaFAxafGB17LCdG7Uzx9PXeAqDU83Ffaq7erLFeTR2324BmbT8Y4rM7NWbUPwbUDd7n3nm5k,1884436160
McegU3LRp6wWuirB58SXUtBgYa1ptTkRWuULjSjTCEVcVXLMgrmgpkWj2MT8jFuurn95uenpS4VkEuMSRQqd1Ly,1884436160
2AruhSDsPUrutZiT52eh4P3pvq4KvVmNhyo3isxwJFPhZcKFvVytL2qbMNpGxiYwAt7GR7kLjBCydgwh4iq1JfwH,1884436160
4abHLjGMPhgUBKa551WoEunvAvP6FHwsmg9YdPanUx7mP6TXUNMcUrLnHZim6wCyz749jKBg2zNREddHQaSCDw7b,1884436160
TWXTewm9mxVi1isNmLV9kEoqJLbhDL4NqqkScPyn1c7AEPvayQUpKsBeoqhc2hbmvp6pXV6EkDvrd9A1A1xcS2U,1884436160
4SbUQa41seF44h69muWg3PHksZta9ezYQtwXRc4T2Fe8h8DskXhPn4NiUHRW7LqjrD6RidqYhuhzjQhGUVpRAByZ,1884436160
RbNQHLbmTnhkgqgJZXFWdLkSn8TkGaLTMuP5t1mAsqNJ9MGJPuBZEEwai8nz8ec7osFu7iuQJfUKPXiXxYp1rTs,1884436160
5yJqWt2th2Seq1GgL2F3dQyv4j6G5LEDQ8fpEiVWZZW56eXc26Thk2iNmRGs4FpXCruyg1q5K3cDQp8GXxqs8yKM,1884436160
5BP8LWN57kgf8JtwvDgzWPhW6JcCTdvg6ZdUkG6dNhuoErJS4mriuHssd55wLwUDbgJUy2uHKdeViyw8FSXkTWUU,1884436160
63KjTAZ4QamMcWX91KHPk8jcX5eQokHZ44Usf5moaPesHoxdkqXrdA747M7YmHzUPEoNwb2dtpsXgKAA2VY5fawH,1884436160
31wECjyisQntCSn1njzMxeLut1dXnHHnErNCXC8o8BsG3bXnLKXpWi6T8HWuYyLBF2DGn6JTWzTRaByUR9NnGfLZ,1884436160
44NB1uPTob5Cz4hwKAmzetmMd7NamYaYi1sfqyH7gngnkLvqnJZabjEGDpCipEySjaqvFKqrW4nheBjWa9Ez4UaP,1884436160
3uXLyJjsNKx2kSAEaFT3McULGNTixS8HD1bKdsc1UBZzupbuoGm2NohzrFgBPnhUDfkC7xF1GLC1pf2ggvbiYSvR,1884436160
5sQKL4Ly2fXdN1A1dufy48jpT2RgfAnG9YhruKgRoTdMmXiGv2Ee1bTqhmUJdb5Q3wVepzHfvhicn9nSZ6qs78q,1884436160
BaDputmNaHL3SgMxPP5LvuT4YC8CBirYYNxxAFjeiUy3Hu56fwTR9xggfaq5B4XRK6WomxzBnFkA8YfwkjZfKoZ,1884436160
k5sVoLJRq5WEE8KbMAcww6VEnry5wCWLVT6sUBNSkbynLRqcCsNZaDMjvhJ1YkNoZEH4a7Jg4yqTJvahvvX6bvy,1884436160
36dcAhNjQHQfYXnJyc9x2DNKaxCCiG17CtBKqZAoD4uEmt4kM8nD3cJmFckQtwmZEhriwDFydng9egcJtW8ZKain,1884436160
5p1SuKEJ59LXWNXmWqizhLAqJTVnqtTkBN3tiUxppkom3fiQsV835ttvWeuNKmAaWZVWRiTWyu99NA9aKxL5vcgb,1884436160
4L3ZPFPyA6JsTuGMyidAeMT2yNer7VLNmHDScfFs2ze9hNZjQ6MiTqBbVuc8bvp2Z3eM7jRpmMQZkmMcUvAwFmT2,1884436160
4vwpDKyWEr1WNSKnYbiWymEounu3FMt5MMwxGPyyjTViceTjR6oW2bNLoxRQGYS3rdWeZAdqoHppFBSh3SQ4Vj5C,1884436160
3zWZg9pJsTdf57FwGaFqUJsTZhrGE6qTFaMcSsHHHzesvYMMdxzvygx1HrUNhGUdviyqcJLfhFz7uHZnoA6W3ewY,1884436160
ozDnNTPCLZGoK3uY2NqFoU1B7xqfdyHoNsBuHQXTwAC6AASXYtx7bNnNgBKKvNyQwM7SkxYPGQkvd5FJYSuQcBc,1884436160
2ZbxeCDYXY89byKZK2ih3eXccpYUTRu1toBjoUDBG1cYy6MirEZyswUut2Uvb2zSDTgg1MDefp2w7SNndSH6a54S,1884436160
5ge23ET1uPsCWGCuXbMvkSKNH3BNinKNNo4wWaaB6t9Gg3VBSsoeycZe47PhQ6veh2XQpU3htuww9s82hCPxkiW9,1884436160
3JgdJhLnRWFiWBezcL429Nbm9YUeTmD2Sw9ai7AUyGWFoE7KiKBbbeCoGTqk8pcezcDDTLGpR21XqGByMhJkdpZu,1884436160
2XiTLF6MoRH3dvNcYcPwNXrZuNpCJ4oYLeAkw11YnohGCQn8xvBW9W2oNxrKuazE3qzzgs1Y7Y7Gm4TbQ4Ak6KKN,1884436160
2VSMR2jUD7VeSP4Vmcxwai9QNysR4mjgpqfQYr5XsMJYNpvyo6V9Npi64DyyfjTjsJ92zLYDHg8QUxukLYpybMSV,1884436160
2HTC7kcK8yehDhe3JCcfuFXvNo7qiavFMx3h32ciNCqSweLRGy4nEG2PQxoKmdNvkvuLxnLSyLKhM155ceLcLJyn,1884436160
2oniE6LwJoMyfUX8xRAtByB8fwoAXzVgXHR7H25P7PomDoe7kkCGkCWQywTp9ApXmiFgaqVsqs1UwN79sJpWevdq,1884436160
VUXqiKQAx4U5p4dRQ2KbUHQZrSBsNgqYiBWs8HkMbFtpMqvYwzjYaWTDYB1UnsQYAPDXPU17RGp6XYsSVVihmTf,1884436160
45mKue69oGBFgw4if8Gr3n7UxV15y4DtNMkrHEcvU3g8Cot7d4J52KjMXAouYTP9waCstqTKqejLcrnjqu85eDJH,1884436160
3gARkT8Uovs2kD8dAsR4FUotxeGTcU71b8JWnxbFXXXuz6N8rSyTw7HgZBt9b9GwXbZYFrUd4kXXt2tZSTv6oxH6,1884436160
4YR78YYNxczUS1PgXu8mAzVHf74KPkqC6oLwngnKtfZX5JxGuaLQRnyNLRoYHHuyuFM2gLvEhzg6obs96kT14VKF,1884436160
2w95dqBcBh8oUwxDZJMQXSrd4Ax73xQWM6qnQQ7UfNKNiuDx79YD5DE7uMNf57ttxqfLavMPy7DNeT71FTpxHKHL,1884436160
hXKfcRBmvLYshardDjwKCbLyE8HeyFsSdXgCBZ14TjFR6WFRMnX3eZvfcLK5ZJ89ad9x5uVtq2JtzPzx93EpQyx,1884436160
3uxZPXaCwHi93KmL5cBctEkFNmwBLynZ1L2Zy3pEvN3KvsgzP4jRiyUdfWxL7JnzpmsRppHvrmBKFAHfRFzgjuxb,1884436160
2Dgamxsq1zRncJfHTZffnHAfVmiXxZWwSCzpv9PBy8HdfTSVcZyuwHLpc9NgGSckC19q8v4w5pYmBQZ6ATPef6ZR,1884436160
4j236pDnUbyJc1TqbwQpz9stm2ZuxQoFJjRtX2Hjws2pDpjaYp7QgeTWVLLLbqWZSiNBSVB2foCwszMXJTToXEV9,1884436160
3aF8WDmAawucYRZG6drap1GGAbeFuSEVe2otxFVVyJL4tdYEydomqLB98wGY2kctx8fX9Bov6agqVJTpr1RGhAcg,1884436160
ZCzLGRF5Mk8v3FAv1k7KW3L1V3U9UgE9p1f5nG1198JGAwB8UcC5zzEGqAhijZZmGH2N2iRbgW6Sk1XzoNNkGkD,1884436160
mRvE7Kter2UdPXen5zAaeVP4XTbKhyc8X8H1o3SpgezH3Td2z8gEK5gHG5cyAk12LKwqxssfmKr3SenMiZ8LdwQ,1884436160
3pWM4PwUMqTmX1sJ93AHwadLbnLLdSyjQnLzBJqL7ivYpE4pLgonbnvQRKj7ZT1ogviNFaQ1N4bZJqZU4HWhVbfa,1884436160
ioiED3t7ybEwpTNseHkwFfPoirkzPmmeLH8Ed5eUQW78zatFUBvM7nMhrJL1cdMdsAfgVJdWByxdyTpmc7ATxUC,1884436160
21B6ArFM7T7vwSFtM14B27UfNnJyrq6KBSzXGS5MLwGYTRxLb2c8vaX94ssSWa5XnZsMxV5KW1upJb51F3YXKYTq,1884436160
964sRDMWiHaNhceuAMTQDnoPRG1Zwp1MFdsQeWPsBxGAQU1i4rkacN8dihCr1AtsBgj3viTMUHDwLS9KcWF2RyD,1884436160
5pzjtVv3SKMV2ohinooae65JfdDrcFbPBxaezrt1XB8K4JxAwMgotxvc9A7XgjSmw9529jQz9sSyg9W8Lt31qDwT,1884436160
2MXeZZE9VpJXuS8ZSMwTBjiH5LvT677bM4BWUz63dDm7EhJC5euoFvJYs53WiVcvWmWUFWVocpFx3n7K5Musq9pd,1884436160
55YiRrVegrSSV5M77HLePXZeXM77Dk9XyGM7Wvv7AeqhKbe8veh9xdUbC4suRUAnx9DNakaQGxEZDkCQGCFGUfxQ,1884436160
63927TknXTtCkkhkHwcXkerY6Tg28SCU1wZxkpz4AaKPKjZQT7nWFW5zQuVWN3P6Lp6THSRNqC29RKcAJEWRnG3F,1884436160
3dU79dodFcyjUv8r9sCVTNcJYi1yafL2i7SRzndR3n2xNFiMbTpVYkAFK4jWJsoTPcL7A9skysX9pVr5gwGhMS3C,1884436160
2FoEnjQgJi6efCwcaX4FPRerXQbeBJRFtMWitoJSkoYGkZsw9bzTxcixbCZHZFVmCgj9neDyyF91FpK5RkL7gCsJ,1884436160
3s7iV3beeuwSwu2GP5APmFafAUvxwabZjupGwEd9p4gcSKcqviCABkLQAX51gUwKheorpaZCxM1sLfcfdXi8xFJ8,1884436160
4xKkFWNNJxahMvus76LpoFXH6A3LF9GBTawYsLcLW5ZYdGiFgDQspwaFjYaTMZATcqGH862RxneYovB8MBqfArgB,1884436160
dFvXztMEpVGB4kyKK1TLt7vQVZ9tekK5w6EiyzpACRRMVpBEDbtyicsdQV7HXwRAbTQ44akG31ZBFEQjEAwHtzy,1884436160
MYHr6YkiGxu4nizFytyRvmHFLhNp1GUormw1nF3vQTNVMj8YuQgwd4HGzUE312kJ8DsCY295KhQ7PLCNxrrHgYL,1884436160
7r2wtTjY8AaGgFhdeqyJWZnRfcETRmjLuboVZtoJ5TpBTpGPguDiNGdpDSnN2G8mHzifRkxuBESBF8FM7t1utLD,1884436160
2AwbLyczumpC4MKJJzSC8MpyXyaE6ce1UvzbTVm9sJuVCmrCWH35ubST8LRDsjMgtBjj9e4tHi1Guf9VJUVMsjL2,1884436160
5dCm3jGVYHAywoV8Wek2UMuXAEMA3iPcr5q5txvK4JRnA6HEe3myENpLYJxgvpVkZQED1czE3eSJ4CiPZiM8zCsD,1884436160
2wFgJjKN3bMju7avurR39aqQLLr6JBK1SjfJqxJZVS7QVMNyuiygcjf91PtkQeCzXSe6BQiqjK1rQEBeVEQvajEL,1884436160
rXgyx4j3i1jqwdoczBJDwRRmGRgxY4y28wZ7NGDVaMMJtBiVehRu4Wyp3FUWZcGLPCZm5dZKmb7r1bu1CNAyTmv,1884436160
34KpzmgzkTsSaoVaBrsCcqR4Qs3DJNTshL3rYvqUN5ya4sVVqECD964tetBgrvwajJXAbu4g3yjvnM4Li38VP5gP,1884436160
3mraSJRAV2d6ohxvgG1yKt3kMvtJu6USHgB5SNTjTMGBE4Cn3xGw5FqqxyDzGVEpza7guXtYTLMzmTWV5tcRxQzp,1884436160
63C98HM8eCqyCTzBvH7ztgmbXMXnDFW5nSa6cfv4bj71H5adJEAfaNRfwxMXtbAtxvpE9NwtH8wzzYi3x5o9n21Q,1884436160
4ioswMxKT5k1AckkonF4EnyDhsJiubwqnR4aP8UGxiui2i5uEedGL6vuUo1e3aECSVs7oQ663wTGmYWCL9aiVx6K,1884436160
4TqSmNL6CFCRY6DA9rHTQSfp5bCEPc7r6171ZzHyrpHhdSDppFMDmf8PqFiPjcvzAsgk8C85XqX9djmYJgnRS3E7,1884436160
JtT3nhppKyogapr5RBmBKR4kxb5fz1xDaF1iEUWgUTUo1wPKVWd9Tbm3PUXa4xGRwJMXTJGftJuMVPALmzbGkwo,1884436160
3Xm2C7noJDJYxDkrrZY8D5wtLM7GjWg6CzhanHUcgw5xYa6AEsHTpjDwkgjGvMny8XbHQqYCf5ew7gEHwZu9N9Ca,1884436160
2sxPMDoPx5W9SWQNew8oBF85Yy3nQ4k53nr2GXg8jb53spxs1Un99ovYN9r7UT5E6kqchcyWMzj7yEaUzFXXmS1A,1884436160
nvwn1GCjcC2ANf6RVzpB5dg5L8bZ3YN5WzRrLHHy1kacVKNYChYWdtV9nj9cVYe1cLzXzSPnKSvxgbUMXgqgF5k,1884436160
4Jgu9cJC6eN15iDr1Em73JTDPpguvjWrS51CTgz66KuNU9vPSaU22Nxsk7KxnU5QGGMmxXrR11SzJi1q5ZXem6Zh,1884436160
2M6P2fsjGMXSFESKGe3P4cSTFkbrzqLFQZewcknfh6Z9ATFiL11jNeWksPCo2eMDXV91X9GgvHzSUXCJTii88NCu,1884436160
FrKLhtMeuuWom1edajAtF9wfx1HP9vbMf5XNrRJFUx59HG6iZrZgUspwtyYvAUTVPcJYHC91tBuu7z3bjWZprEy,1884436160
VVSttZTJ1ognXgjUEoEwvqdavNmXNvwHMdxPLUQYnX7tK1XDSPepYeL9divf2KypLX2kSqUKr69DeF6PxELisj2,1884436160
34TUwEDEz4s5q2E3QMwUE5fasyL1FTj5TF3amXkWjjLmg1CPoe2FNLa8aSrswUFwjj2mNwp4FBkhjSW45Bkqk3fA,1884436160
pn7UfUwrtko61zFjLWmbRFpFzv4sJUcwFtYkMwCgts1RDE1Xyn73915NYGCZ3zCjsRhZLnQdw5t1vZo6C9cESqh,1884436160
4aKpdWzBGo8aK3gsc8rVwdre12kfmG3iJRH88GkVf3PVphb29pGbp6rFEM9yJ8E4xau13MgFuACyzZDzfTvKosA4,1884436160
3ut273uwmnbwaagP2XNptg4u6ZGP4YjmfeHUizw1NMjorXRwskUbqdFaMJusxCFFaFABDtLSv2T6P8b6BYA8vY3W,1884436160
2wLxUQctNQrPMJ6i82WsReruXgFDVcCdwPow6scTuZKcoSZ61tDuFZmYLDe3GijuYLou6SYJyWawgReiwzYVfcDE,1884436160
DEi8ZtUgpyYZVVLaEF4NvBHRNvVzJc8PNERUqZf9kJohuR2ddu9KyDoo9wTAjKoneLE1gCRMbyW6L1aVgdqGjC3,1884436160
2RCESQpruZsryJaMFkYvQSbkX2gzukEaeYp2mXAzf6BcCAdz3DMxCHXXKSQ7i8SY5ACMMYtKGu5uYs5YwhTENGjP,1884436160
5xvmoJiS2ra5BBnMWSxTy1EKuiFaG7FPtwUvoMshCjATmBHYxYyP1zskiEssCJnfhzd3i4nFZcFVPou192BaKoms,1884436160
25pt68CDdkcwX4tY4zrS9PqXF2G4TD9cQk4CX8FJABwa34AUitkPx3fscRd6crTaBZNwCLgFTytabUNb9ou3C86K,1884436160
4KMZ6kHU2k9v8mizb5NxzBpHaS5jx3L325Fj5QEMp1KrjvKTFS1BSpaq7uBzB5KWRcF9UShUwg2fPHXFZ8dPrdMm,1884436160
2tJNk3iQQfgkMBag5NR15EKYZfUfNfCBLK3AFkyfpm1turwXJHLzoVQJYNP5iVANiAartLciFqnwdWNzucWHXeKt,1884436160
25JYPgtD3QAQs1LQGk83qwnBoNZLkLrtBaKQemBh42bgT5hqmzRyhyMfvKpjimy95KFxfmFEQr2h9AUkkN7uFx6y,1884436160
66L4ssrRch1TMG6jNaLarmaqbjT5Fx3f6jLrvfLUp2jCtYkpXoRfUjdLrcK12ckPT5kU928AvU7z7KnivVx1AfQv,1884436160
2LFh5VnQd7UnrEUbxS9TMbDUABAcVXexyiLAFWMUupN5rXcBou1YMLHyCAwokwJ1AKe8sf93BwB9dX4gbt5gwKBU,1884436160
5yniE8MBuoRrtrNQVG2Uwa3JWx2yo1hL1Pa7syM2HQ91WKcT2yzsecwti8zucvVPeF9zg7tk7woH1a8S2dpWGuWP,1884436160
5g4tTJxpfXXwxXqFrx9xKBUnZp2WfiuEdL8WfAGgwxopfBE1gR7Kypw3F2KgzwQeEMD6utfWmj2ULiG7n1esbHMu,1884436160
3maDNoPXHmmiwDGRiHsEb7hQbiaezBqDTvomQQtgzL39WQrKFNrbZudhYb19v4gpDgbAQabcdZg2DVTm8cDusPzt,1884436160
hPq7BSdJ4TEUSvA2RtuJYUnXwgpPe5Gn3SvxzqyqcuBXgbB3TcssVUiRWHVsqkTTA5v9gb7qPfZqTuscjpR7Lt2,1884436160
4rr69FpCne6Yx9LbMZ8it3KAo3BN7e3YpckRWtLvp3RmatEzh1nDK3SLqc94cgt75zX3URE9XFSq4LTeGz7Yzua,1884436160
2Nw3ZxbCaPrrJ87AP5W5Mx8q2XDkBLp1me9pD7hiYvAWPcCXuaacKZm4fc5Azbredk81xiHv1CEKFD4WhitrfmMt,1884436160
4VB4tg9YaUiWLn8ZzTTwrNt7DqJac3RP2DPLZkWrnyvW65cP7Q5Mhh8uADyi9wxVEFRVTsaoKk5HibmHHhmCzFXo,1884436160
3D5WU2Lp5ryWsvzmmxRZbFRwkCW6mZbU5MELJmKuxYrqfmG1FCKa9yAvgQ4WLc1qhc58UhqirjRJtt9Hz3hfup4z,1884436160
2qk7nGyCcvosE6nHtP54ftzKPhgEdonwJMvVZA5Yq6whHG6Sxubo7uQPqaLwaa914xinJC3FBXrJX6VsTVC3sZMx,1884436160
49dMhr99vDnfb785aJfS4VuczPTTESA7tsE5jCouvetxRdyp9Rrh1UNyDKDnJaH9mgT73xU9Ky6uNnsFaZebaekp,1884436160
21TCpVUricprLBdhfFoKmSFnsWJgGwH94UcU9NmGtVcZ6KrMeoKgkBc6gtRr7xDMb5koA4qtnB53TxQCKvL9y6Xo,1884436160
4ZdzuCpakLBD6v1Cejvp7RmcECou9Hgt8aMXuAJLfWcgyZkRiCDse4WYS84mDgDP7hm4j8BqJZGtesyh7Y8anEE6,1884436160
3EmanGtrGfKEDis2WATZugEVPQwaptWZdSJKGtY4Vyq93CLQxYDQKd4R1ZAKLAvou1Kq92Cgghp33grJP5JLmhjq,1884436160
1298p2uvKHki5HCDYeE1wE6K8psLvj4ezGozGS1A5Y6s2w6P5oQnF2jgPcBra24ULdJLvn1qYSyCrN5BtpRpbhDr,1884436160
2Li1A9RPjD7iRDMMXTQGmS3SaFX899rrt5QF99ybu4QYZT95v5dkWYM9wT6amUsFdd2ffNCrRmCWkqnRyrd89hTM,1884436160
sWNXxTpdVz8H6sgPRj9qhb4EABK5KJ8AxRmvLi3f9hWvpDEEaG4NWtWxmtfzQ2gjJNeGkJZ26wqdGNX2yxS53Wb,1884436160
4aGFvSpYxuXqPthrP2Zj6ZYhCdDDRVF8ME4LreJzttvjAgFcE3C4Pos4tqbqkrArqSSteLJ8Z9W22byPc5GLqV7n,1884436160
4aXLqZys8dYnnWdmczF9PwHvBXTa67nKdveHEqzsAiC6SzyydLwPQAn2CWrGiZjGe2AkjXoKWXFUVzaxGuERRDsX,1884436160
5p8ntitWYjGsHChU8pR2g24fNWo21RCP2tpmcJDiyzRv8wkstDCLDTSjHLv7V7u9zFUoNUzP13J153d1AHze82nn,1884436160
iqzshqLFKoF6KwpYRsMh4yjVmQa2PrzyLqaaTAQdxBk3pRdJSGnujfBrRSNqxVcfAunhd2CepKvy3GbPAsDJvRy,1884436160
EsxZJsbiSaiTpRSSq92meW7jDvJHFoJkWKwb63kiHtL3M9vohtxTUd7gxjGVHtvVCEZyAy2qxDmzWhjSwxD48VW,1884436160
2e8KZjs8GcHjXU7xvWTfdubrM6sQiiT3tWyjPzXjDjXFZesiouhrwJ2G8345GTPKwpCAuEWAbvFXdN6Q9m2RU4Kr,1884436160
5NzLaY9wBqH6MiX9CWgEPMAEAvS1sWJ8rebLmfP5WW2HRz8bEKpas9dVv1VQaHYvcowzbwwjb234JMUqLvHXV3Hd,1884436160
5RmGhaC3xY67DL92JA7PL9Q5YXySuuCnP2NmHMEtG8K8QXPkxus8obrDmpSa5bB6Hi7Q3FCLrEGoVAtnWpgZwNqV,1884436160
25vg4y9UqjMfc6Szt8GUJcEX4AeWy1UFZvKXLg3HxWjTiwJ4eB8HqPM3rNdpKpD9VdFmmhN3ms6JDd7qe3pYztp6,1884436160
3ozALCoCfnLGKKMmAC29aiwtfQdmesb19FUQQqSqKar6rmkYR2WwNEdvSpfDvUjxNoKvA4ikGBCKPaV2uoaPjXSH,1884436160
3oCZg7NSUsY5uLqsrPcqJwfbsgr3M5goA3j6LepgjXaX8rWb9oRuFRwpeE4EYRszCJoGTogvPTjQTYh31Z1gF5ka,1884436160
Bz2mnXKeM8RFUusKy9uJBqzzFMAHS4TVhwmhukp7W3REn1FBfjv26aY52wAV1kgVEUefh7QrwHFhHHEFzZuYxui,1884436160
WcGZZSLE99We6nbRvtxBdPDFpsQGN9HFcJ4CVvABc7gyJxmVpwQakuqkypGXJQgACyeqG9kW1E6ir453GbAj2Ww,1884436160
4jVjcRshqLo2saDvCyLqk1w4c7XySQiiqs1vvb9wMqWUrF3cJpuu5opoFU2Eomjk1PZBxiXLcC7S8n5PiUXa4RvW,1884436160
33uAAVMotaJNmWyCeZmJc3DTg8gNWDNVtpTcXqCwnjC92FnUpwrHSYpDeZkB7qpKp3ZoibppfvoqrbkGxfszKak2,1884436160
3Ezm1hK9hDdXfGTMDfiDQjQqijBXzhaPYun3RAFpAwWADbSmnvDvjosqKfrfe5X5jKueHopFAwttW87xc7oSjXkv,1884436160
5vzfCvP4kWaKqseTPJkNDJmz9TpamCSafs4e9BRWXMQYC8mw9WWP6hKb7E4PderbAwZ2ny2qYxaQ8cs15Cg5LPoh,1884436160
2ZxmWZvyysF3eytoWqNEzp73cyFA7v9FDoftjuUET75DYrY4uUMzdCvj8osDLyLZm2UrQBwrsmQgBK5omkmtZhkw,1884436160
5cCV3adugb8N2sCoMMqfEJggv7TFxViGwR3pyZzQ272qCSSjdDbfxiA1uu1UfTZtgrHXbXRXF1U4sVfhJyVEEqR3,1884436160
454Bc4WiMjjNYiteLiDkX9nwTGyWp2FLomFcmRVUuAh9URkZfKiCcRQuZCt8bJU1yDhDsnXszapw21SibjccXCKd,1884436160
5SaibRQnNpYFxskG56CtQA767WtN4HUKhEpDvuxxdj8kZzNrhxR51n4f5HbgUiV6Nw4WSfYa4G16MYUnj8ngFREp,1884436160
3Jwbf3Js4XG4Jp92Bz4Gwa7tLgTNygGyfM25qiWa7bs2ZheXvkCJYX2toar7Cg5Gf7WJdNFCSaW7jEQ422ufs8ML,1884436160
41xeuoP9bcURdjHFYpARsovTsG2aPZ6Cd4UU8ssL9AX7dTUpVEns83WNZwzidrZJaRGT47qdSzw4n4PcEwYJmXeS,1884436160
5hdL7oVoAxGPYCwDYRcjcrTnk9RDqWfPBmu6EtscEZTBMGV9hsLBUobT765W9u2698hBF5PY4aRy8noWk9ZPhzNh,1884436160
4TwpeXCjGGnWn12V3tmTfpM7dFmGsZ4h84rbmbC5qLekUa4aToJMQDPsQ5S6gbBxaqFQKaXkvx59XSdiGsLWTGUG,1884436160
5CeHYfFxHwUvpB43ESfp6pAczm8BfJoyUCEwbPoXzj8U5YjHMS6rYxrXcYp8GvPZPthmsoW9eAXZdCE2ruzf9TCT,1884436160
2SjS5dEwRHRGr5Cp5yHAy5UM5xecMuJqnmZWxRQdnyxg5XuaXfa6CgXrPLrRA6NJ4LzcUvUy1s1D98MdJq1e1aVw,1884436160
4RYmefWt1cx3xPRnVADhG6rrtMfmofNk6jeydJPvBA2g1KZ2AXZXD59DabCZ1QamPoGiHWbJPJUbz6Mc4Ntp2LRr,1884436160
2rsi8Yi7atNYGwbWMDURc1HnaUw5mC4SebN4DqKJ6PvZBQemMBMq24pthxC3XKJ4JEteZMW9MhZB6UsyG9r9MsUi,1884436160
4g9DQPdwFHnL8NfyxHhndkhq6vtDTkfR5GAaurWfcJv9KKhDq5U9qYvLDM2wiTcmmK47u3oCXx9YcxtVbsmJs25N,1884436160
3n4kpNSrwwdZosQxjEmcLHVgjN3UtMv9817RKCLM3dAkKx3CHbmhK9hJrQyzRVpCAqeg1fMckEZ7ovR4dkxdWSxZ,1884436160
V86VRpjmKodzD6w3rbJQQJwcLhhpXj1w661J7aknVnJWuf1zbKYbE9BM5SSrjDjaugjtpapekcvNk5xXhoJ24jS,1884436160
2wSmbpqs6z26bhhzdLZnMW3n6DntLQRbcQc7ksHH13gwkXUZgBmv62nMeokkwSAF2BDTUF2tsH2Mo1Ju2tcmtQqR,1884436160
4u7ZJBi8tXm7h77Di9E3TfggbwBRHWAcRzCvWE4XaS89PLmwU8weWaw8FqQ5icXwwtuc9AbdoZ3EjGdBbx8tKFE4,1884436160
3yrp77K2649edxt94fZzXohrqwpqUAdG6TeLnaebReff29Znn3PgrbGMN8pm9ufxFsiLU3G3PV4NxFf5p2HEXKKe,1884436160
2N2cm4k3i2pQh6DcEggPWCb6UZAwbergs2ywAiyHagR2yZQ3mmYLy1Wq67HZ2cw8nNjm6PBBPVV4mYGiLnMw9tun,1884436160
3mDbpkmUUarJvmUvKfk6ZE2QBqoF13zkvFB84mX1B8zo8pD2v6nEyhTcVjr9u416GyKupHtgVUV1kf566zFNoRat,1884436160
5eVpPUxArBPqGfvFQYKmeEfTsgbtVaFsw5nSL7N4WShfaNhATUnaq9qKYNcWbajPLMJQFQMFguN9X226BKn5C2dc,1884436160
5C7zzC7AcYf73qcEZ8yjWqpJVE9Vt1xgRfCKFfoxGpRA7vKzgMKPr4M6KRmcJjPHuhnyoiLkHnaDWSM42yBt5BJu,1884436160
26Yeyi7WKAy6WefiupGQXRqCVtHmuyQVxazSTijvCgtKMLVTq1cn4SSWAYo3SP4QA5VnzpoNu2pegiNZfpi3pAzA,1884436160
62yZprUkaBf7WGtj8SmjMVR12nXe1HhqTXL3Myj45JbAyfNrAZys4XdSEvih7XhzoYn88yyNCmUZAS5NaSnLPTyr,1884436160
j8aUhNCqDcQjMbA8PHXEgzuGnUCocKYd297n3VE3fkDQBwQfz3WbGbXPr8qpTsi7PdypfLgJVEzdRTsHLpuZo67,1884436160
5A7ufVK5R5Uw5GmMPvCggMpSmTYnwiLPs51vKc6yejh69BpZ1MciyD6DENsAeQeU4ghrcUAy85x7Cbf7jGQTH56Q,1884436160
3SJP9x2WN7c5RGfQyxQWUwRWHhumHUdabQ42wpyjTBrgViBJfZDhqJgp4eaKXQaQmhK37StvLLggVvTychB4CLMq,1884436160
2J76AyBYVn1p6TFb99sPDdw6awLMsB75YZDc8KTxKDc33r1FMsfeSVe9nFUeRMHxTjRNgY6dAPwWtUH4dusQZXcp,1884436160
3DVDTfWK16xGnbaz8CD6pFF7yL2tpSSWz6ViJCztq6ccvVwtTa3XcyiHzZZbJKRSLr5YnQMatrg8yknrc7uTpJ1m,1884436160
4JnzvbU8CCNTkurWe77a1E4xTEvjGxQvfziA7dLCKL6uYaYB1Mch2xRXNNFTJNgx9Rj5F1SmJ1cS8SGfULJJM8E4,1884436160
2zAQNYhG6uhLaZDKphs98izRq3TFZ4uKRe676F3vKm5ahksKQbQgXTk3LZVGYsdpg36iefTJdadaKpKgxLRt3ysQ,1884436160
4NEPi1xbuw8r7HWvAoRSwvGxjZu1T6iZ99v1gENppf87xsoVbPpWwtXDjMK1KdQn2GEXQaeQHDdTFUyNzS5Fa6Jw,1884436160
424mkh4cMxh1j52ugaynQ5iAqKkjWRdhXUCRvSUvwwqiuzfJ3zCZfKfuQKgZx7bNH7VxSztiZVYzpGSJVd4Bxgo5,1884436160
4avaHhUKFHdScKp6mytNfM7FcTCFowG3rA5w9F4nqXM64nCvLMGW4dzT1X6vY8L3uciVFsQdLn7TZiTXgMQrSK3t,1884436160
29LXVQJmm6pdbxxNgUDzYvMhYzewF7om8KEFHYTMwRjd3yN41unEhuTiMDTqPdz3FaHEpqPngWiMyBbyxrh5D2gn,1884436160
5GAwQzA15Lm11fhBR8tLFHkmXnspaPEMCjUeWvoxhM8N9Ucw12vapSFVskAtp71jRyyZxNZj1EbeMM124Rjmv2zy,1884436160
59GASZtrR4TMJsNdqtak32WvDT5uomy2TZmeGRKCvSWeneMe4HbgMbaYFh7Fiv87RyQYnDjhrhXNfv4MPqgGd8h5,1884436160
3xspKiviEKi4zAJtxz4gFcFZxyYRTy6z1yc2oHdhYwzbmYCnK4h3umdZ2r3C7g1jsfS4H57uTy3anAjQUXDKC4nS,1884436160
2H8kK3w1gHSPs3174V7DX4JyRR1JjxoF1DRXERRC9wLMbn1eSoxQrev97RBbdHfBd3RWiZtQAv5fxQGf5Mu1Qdyw,1884436160
5MnHgZfLyxjgVkeKQezYSFos2f9DTdguxJbb6dTKjvvikB3aWcXsHydbD7yZmQKqsNHWjQfMqhnTrNopMBAUGdNA,1884436160
4schDMaLRMn5b6ymJB7VM6fsWzy83gmXok55h2ZiMq6W37SpPXppDkTwp5bGm3zSPrdtF5CB2zuHUZV4VqGeFofG,1884436160
4215w3PL8HtP1rbH1kV8SkLmu51jKGezfPDFosqLCJCaCFsoJKynfyfyZKpeSj5Y2r4CY68jNB6ZztihAfUoXpm4,1884436160
PfeXxyT3nmgPfEjtq9r4nzwLGG9ccQ9CZDXxXjssCaa7mTnpekPkWsAwbPxuWwNQ4CGRQ9FCTrtjBcC3G1PZCsA,1884436160
5xqCsNSYTk8zRjFAuUjejgbyucFZt6qdgkrDRLjT6WT5BNy9DiqzajrXot2grYs4wqBMu8EcKHLEvJatVqPFpJjj,1884436160
HYRhs8BPagix1t39x7LWFkXmAft57Q8N5gwYMSwLy3H7EJzdEUZ7ddcECLhn2LRFB2G6PzKNAsm2iRuMjUaicdP,1884436160
4URzaNpJQ9Me18rxodfJdzqpC4MVu2VUEmCcRpt5vshxxkq2J6V42eoE7gG8zeq41KeZkhvghrtGrgAqe8d2PcNY,1884436160
EFU9ZVXMz8Tdw5JsUGmJh8FBmf8LMit6BcWJGz6BqiHZcMRo4cB7ovE7t6cKRHMgXKZQUiD6F9YE74M2v7vjnL4,1884436160
7jG3VMrCMC8ttBpgPoFSJEhX5eceT4iJyjiC79EojPLdATESdeyNZZ1pJcisjcXMMZgMYwG5woRzvribWLeKaYQ,1884436160
3MscMCdGL3BPvQi9WGAauyaFdDfNQrvetbGHRqvS6YU7o4yJKG19PFGAr63Nt6N5GKLYpzuCzmvtTQwx3qrWLD57,1884436160
64hx7jirgEsbKSDrn2BjMSKpumgSyjNPm61YGhuSVRHfg6Q19esnKnqPp9k5vwyDep91v4sVGJJ74zwEt2XwjSAH,1884436160
2kSFHv1NaT4jmgaSah8W3A4C8nddw5CriEKzcgYshYnJ947dLrcJft5hZW63u27iNNDdZBScnCaeTyrH8NN8bvNv,1884436160
A2ELeNXjYJGbigGe8EQ2h4uUkeQgzj8bbFCfRZzsq4GwAFLJ2eaJz8Jjzyqim7VLMJ2HEw92gn62p18em7rfZ2N,1884436160
5zV9dwyuuPWxaZ5KiuTsRPG5KVRu33avTTqjedm3sPcuKxgT9ovd71RwidygQYZ2aP3QVH9Q8QX9GwEWwiQWRe8J,1884436160
Azp2nu6jJJ9yQwzmMK42SWjCCHRM6EeSxTY3cozpisKPHHZvZkyHqCiWYuomcH3DFwbzBrF2Xxsci2Lxm2w787y,1884436160
4kDpRAbUNMrCJvgdoVwKp7B8uhfTnTPmLuvDRe4X2TXVpqp68xQB9gZiuJgaN4MNQL8jpAbiyRsq4Ma3JyHYQbAs,1884436160
2bkCYKJdsgeYfPB97Xu4oE5f1xVDUU7WpYHch8chBri5KcUScy3a6j8zUi5C7DLKVnAELsjMJ6FbWPzriaD6FXcT,1884436160
3eG69Ud3Wj7kHFJg4P9kLavYbvMNciXnwXJEG42VbfSKjBRUL5dmU3QAQVgP7CNyr53C6BVkLoCq2JzPZSM9AQAU,1884436160
35dANjiuoYZRweBBZBGt93j3rDKW7WwXkqUyCYqsynfLGWLbynwAiUmYKxrS8u1qLHHw7RTtCr1zo2mSKzFNxzTq,1884436160
37WT2X9UzpjFbMXytdTVFFV9qdPK3HMsedVDBjQcsgd6zR3EF9GP4FCv1hJB3H7scugB2f7gy2DFst8CC7JbG6QC,1884436160
3e92Js2YdyBcKqoDkCXAY9vTKhV8NwkZBdRuVXqcRE78LgXvHeyiL9k4Cv4mEoX2sT2cuR2Z5J8fSJySs3Jy3Raw,1884436160
5vtoTVP3PvSNVtUEbouo5vYNZk1mGukKWThinqz2PRW7U5hWB96K4TKqGp795eqZRdqkcg3rZyPtaxz6k9gJ1VAc,1884436160
4sjymoM6UjCwn2uGf7epA8AcA5BERWHAuEBLGg7bYWmManxSm52DUeNuWE3g76QxFB2e6Tfi5gd4agJ3KXdDs8x8,1884436160
479B5EMbZHZbbM8NxYJsZ6G5u5ejB1wnaJ72cThSu7zECDJwEtJkN1aibWipBX5yeRCGfHMXvxuoTa8EUAkbaN67,1884436160
5mtrMFFZutyLNem2Ar9iup164YHESEqMbPTyhnLa4wD738w9P6TMA5QF2UuNWZsX6kQbxm3qkD5A9t95CMJ3g9en,1884436160
4SkVeC2xfoBKQ3Sq6qrjxvNB7PPcJCaYMuJxU6Vw8qWWmLRT9gWVR18WvF2kpkwdesQcC8a1UBsat4BZDHXW8eAT,1884436160
4kkY538yNyPgFantfRR6T3C9KJ2XrBWaWvYSpcyn4BMvXQfhE5RvbqM1K8ttZ3JeQyfYJV2qvwKWpa5H3osYgdAX,1884436160
3HF1b2DnSNJJ9vHuN7ivFwju6FhPVYAqYEg7YykNibwnVNLAQqrJyMHmMtr61BXNp26Lw4DQe6KPa5FeS2fSgVz4,1884436160
52wxoAf8qeeMuugmWCSWGCKRhBBPexHNaL2bazZTLhhyoa5mbfh5pn71jBr3duKnN8p8i46fpn7RpWfVB6dVFSyZ,1884436160
4dKumbrXtQmHW8PSTNerSuN9yrmRfJB5vxcZDNskwQqKtGmzUQZVzmLvJrYu97TgxBGPjufLprCKAis45Xr768yM,1884436160
d2gY4tXgiaHD5rRA8CdFk9FDFhgE66Q8uUJFLXiAWq3Whwa6Br4rdbE2HyY813X9doPdpjxjnZjoW1yG4AioVa3,1884436160
23uoQtsyfK4M4ypwTC5mr5uX7Hz6SGXtfXBmgS6EieMzSMQrnvDCTXc44QtSECEAEJdDi1jsATruMobVV5WLoSJd,1884436160
JuQxN9Z2m5QNtyWRwqNr8tJeYhSHtSyGqgrm5YjaEtstGKcAcoXq8HdrQZ9Jj2ichibrBGC89i8ZByfDv17azhp,1884436160
5CEJCfeaxpUfBgHN7GJ1JRtXYj4tqSGYhrSma78r3XHiWb49koEo7Yz7Zd8uL9DqkHsk9YRJq7qgBfyjbocnBRT1,1884436160
2eB2f7P9cBHeVyTMJiUT9LeiaGA332axF3CqZBaQpdVWMZcnQfvp6XTaV7v2cyex1XL6MxBS3yz5mJ3uGKGWohTd,1884436160
4cqYG9hCSx8mCopH7aD9Dez41UgrPXomCh5PANbkYdLFiFGMZB1sTR7LnVQ8E8yAqasmjbEUWEQqNrwfiWaKMHcu,1884436160
21dLFPCmQLyBWF5adDm79jCRedJs5jsrPX54oeQT27rSqMwuKEgwayHiCB2DfYPGesNNCoDYw2YxKa1Sz8o3pzxP,1884436160
2joFVVJH9xLbq1Jw6GGRysS3Rfr8SphaxHehAgmGau1Ch8hvD8UnL2xArsjjDcw9LCv3DbNyoC6bxzKEs3WEm6Y6,1884436160
2nD4fz94KWS6Tk4jxqJUznSk6TSYbUWPGyVocxYsV8dTfD6KXegN4ZaVvtzP1Mptbw34sbiCBLWxRzyXihXXt6FE,1884436160
5WydAzvQKnXsrTjNG7t5vbwGUaSPYaCRY38c8rvoR836fjqEDJq2EXNrXSB1BLNAWSyGUHzN3iH4nXdsYVL2Ui81,1884436160
5D9tyJTRJaWEfdGwRpmZSVNGxy1Tff2HVkrBT2mbyqQu7Nti1xZ1xbkewZRXGrGExG1Hw5mxKkBQ5WRKV1vPSYKr,1884436160
3VtCZtezB6vuqVqi6VVuKpL3DytMvBLfVRUhCmfiuBTX8Xvi5Z25uA8pUhRbhQsbK7mDGYfdCZD2UcHiUUYVnfnJ,1884436160
Giy9hLU9STEGAaQbXDCLuN9hYnsZoYfgmTMK1xMceSAmeZfGEmQAGfTTMt12e7jyT6SCBJToq3h1mAU71CCKwPH,1884436160
5Mg9NSoC3PdEjDEYU6BfGPJNFxWL9qhQDpgpFqPFJ8hHhnvurhd6yzqFevQeXfmANvWkEq6iABVA4fd64p88g8XY,1884436160
ybavATNGr53kgVy2WCExxBT4LfG84btQEqyfRkBT1Mt9yhoqhqkS1NPEhT7V6xHeNGkVZFE6JwoqfT8p57rzTEw,1884436160
fZRe38AGGYQxGJwdWKZ7sAfivvnH4q79EJyxhGXnvFNWAbiLrpH711EriuToxDWxdt18TF2crfEqWbQQp5yNnvn,1884436160
4c3Yn3So47cCk6QjUGt2nqkEaXg8zpteSaG8g3pQZsSCNDz4Vx32uN4Qh2hXAcSBBGaYdvFMv7dZWHuiXzG2oQqK,1884436160
5APNsN1moEA4s2MevoJWxgyRbgPEY7hLHsV4h6WAPzbPub9vKVWV2wveBNYpmBAjqfrxjbDTZVmDDdcTMqTJjuJ4,1884436160
4298aSmLTEWj59zaD3NyQJVHLvbHyY1pLZ3NhwmqHR2S4y1v2pqzpK4kFk9VkAYR12fD1iNzBunuXvyhaqqyWHQA,1884436160
2Lmkxwj15bQoz98L3bA9ys46YjrAZ9s76GwxHdykqxBcWqxP3gdPJQkGs7DVFELjnJRpYqQfPAWmz5WbQJAP1Doi,1884436160
4jnvqxYc6QL5Kphd6DJ8snUgiyAe6yChXoevPLEzTnrVAbtCFZP1qgQuiSzR6Xp2cxYeDFoaJCWrbf69XthbbBeN,1884436160
4QsUJCoR3QW45nJRqGWfAyUWXxc8xKSbyexoXqXCyhYY71jQxu16xEXtrBRHxF3br9XN4bLkqHn9n2JwrLULQ9cB,1884436160
4dBhvw82zPiyr9quvNXvyq1xREySzeX8bpGnyzNikK6D6FYVVrw9Dhos6EzbdQckWvRmUSsQmb88GFoy43hdddEk,1884436160
XMdaG9w6H5Bg7fMSKX7YZzRJKx7WrYkhJsNF2EZpnJJ22RGFhneee3mmEVb3To6P39tMN1xQ6vFzEvHQp8Z7Kuc,1884436160
3apSuzLtYKQ46LaTDLiRzYtnBHrAHR7voTci9DU2PnMegoTXBi9EgbTd3zTgT8NCJnZ6Wko75HbcN735DZGPW7gK,1884436160
5qxGd83TnH2HHa4D65iWKfL4zBnSuhZkpDivHct87DFzfoARx69ZvW1qcdEPZFg2fujHHqv4tnGWSLMyq7KieoBp,1884436160
3fkFQNZLAyN71tNCt9TbxGxj35g4Q29bKdZTmPTWo4ja7HeFV58kqw7APiaADHovc5T6Wyw9UfsrYvrXc4sjvudc,1884436160
aJJRgzmxxLGeAbwLA4SxdCidJqtL5Fygn3Ex81FAgR5Rxt56reSc2fmB45JAjwAVKWXnPTCQmomAzeFT2jUVauH,1884436160
4h7pkCyYhwSZth41ZXQmuV63DiYTXER7fRWRCj3JqL48EEddXzzPJFzqwdTSrMarrZqHZng4DnCoMQqjd8eKT344,1884436160
2DFVSvcA3PyuvUSo5D4PXjRHtiKs3xv1wsk5zveiqbxWr9UD9X1Eav1CnD1ybQi6T9wKFiwogAR8Dp1JRCqGPWpr,1884436160
5z5WM2GLpm1eXMwxTEWAL2BDio4BkG2LYpDrXPJnq6WBag91Aae6XE9RjG5upDCw4NTVKiABoP1g9EpcU5JJ9GVk,1884436160
35a8s5QWRXMgACgCGWy5sJ3ABNocqcrjKEmpe6zxMZZSNBYxjYFqLMPFvziAQ1Z898N144h2jRNXEtk6SgwtAzZd,1884436160
56yiLqgx9AUKrdpCDGDc4B5q8UKyv2pGpWQnuSLQvPuXiPu5CwnEbXTVhYatcD6DWt9YCCaDKPcQ8H3GLTKFi78R,1884436160
3gAtQDSCpf6qE6LQLhYW8AEjPSUr6STBgeY6wmkvJdLrYpAAnMuVjzhMKUZgZmdFobrQ4xjfrmTnEDzSrE7Tp9VS,1884436160
GuzevA5hmskMmYHACByLrV2UA45krsEDWv6N7fN56XsGVJTCKbHUbMWBsguHCKDfaxsCAaWeHCtqbvahpNbGmx5,1884436160
4nwn5PH6EKf2fwXWewJVVpZGMa4XppN58JGUXY1ZSu2vVS9vKQ8JsU5TcodsKEn7sC8t3UTRBafAj6hst7g8DnW,1884436160
2thaeayDUWMPUma1hqgLzqPRtzwPFDnP5dBGLsxgcokDrvHCjCCYMzgp2uUHXLT1GbpKgmvtZTa5kD4MNy1WT1S5,1884436160
3Gc3tfEkVC7vsbTxDDZyQwYA1rEfXWWfF8yPFHikhxuz5ttVNf73jQXXh1Rr6vcm1f6DGDMJJ3twGnzV34GRKHV5,1884436160
5yPEW8W9xxzhf2ur4YNvpZT314mkr5DKJbNyTF9UhyVqbvpHgJrifjcckNicMofQYUmaXtaDQqbHmYXGBgSXt5dN,1884436160
DTyScNwNZQ3jWUFRPnz58CD4YtK73pNUhjSKxEJ9xcFcMKnQbnFbmCVWwdYTETifUoSmHLVtEhsbvfaaKcJ1FhL,1884436160
3trXDfeGgoGLEsHTzEgiPSWS5cCyZaRgyxuAvWLkkbtFHHenzp1SkB2YKcVkyyGSsT2mLJgcgYLKqwLGJtRRcrkk,1884436160
GVVuVJJ7jeQ6pK973uTxvddDpy1x5cPC3gC3LbkxRgF7TaXAGxtoFzkxdagLvNd47GZ9KNSoRgNSvr26VS37MvA,1884436160
3FLk61WmFHyuDqiM1VAEHQ816NMTKtSXE6d5hLcVcvfy7wRwQVjmug57ffFUfEhpzuJgnToCEKQZ55BNfHuWXBjP,1884436160
3EXWQNnQotGaDPfyxXJ4F5RiigvHL5AV79AjftJr9bxsUNipj51qgG12RW3Mz3rUrsyutvn2eyRM5NDKZKChwYFs,1884436160
4BdsLSr3xpbAozCZKi2LZeXxezN9BpBuEj7dVRudFbwgvt85ubTqDZL99YLiEc3zfb1kf7RCMcpKYdcC9oHgh4o8,1884436160
5yn7oLPS6GAAn3uaAh5JeFDCiqq9pspsXUHLq1MDGqU1EG6gfQEXJqCahovNH75tAdvSg26BY7ndfVqxBsStqvWk,1884436160
4NgQrqHW5k9rGtTdQdg7CTyyyvhVtftEsfqzaZYtgMyqjjkFaq8pZNgsCPxEtkbXJXj9njNuUvE8UAGXbCZJETVn,1884436160
tKkDnnTZJCRkt49hsF1QaPPA4FPL9PhGckUDbDPWYyjhkvzEVnGPxEJvSpC8DzqzzRxfGr8xGRMHEbvyvj3Gxs1,1884436160
BZGYR8AiZHwtvJC55Y2oPmAtbWu3PuC3u6ankDiDX1ntbCmsyyMryC7vC4br5o25d9P77zBeozPZVEPrMD89ceB,1884436160
6UJSwzR7t9CrwUDEYe9vgALbEuwzkJFmbvSNbmjd1vM87WQ38nZaWTGS9thJbC3GcLCq6qzinSmGxmNm9qc3MpE,1884436160
2cewXLeVyCKi4HhmudEbV8uZb3RgX2YHKLFz5aExB8a6SSjT3atmRtwMvZ62V67pj7SnYWb8Di5JN8HRZSzxLYG1,1884436160
2BfK5GKApFy97z9GC2zTzDxoX7p7RQdhghQGyUzXzm5RM4AASAhRGrF31SNqBPYM2t9LDLQccujcAuH3DAMMizjQ,1884436160
hW12rKq9xrfi8EWQWAVAk8GVW4EbzkVsGHDdD9hhTJkEHFu82wrk7QufQVy6TrC9WJJrkFetpsVqo1ExZEKq8fo,1884436160
4nB9YeZLj2fY2iPn7PeFExPtQAXDUy4WuX7vAmm4vbisErfs6kFTGPgcAUTD3bFZemrcdvTC22C1PaYNf4FhxnYT,1884436160
2Tci7HDzkL5uKakAMyyesDwapFf5ueJYBgYzJGXfuCZRfcwEF5spHncQspeyca81yo9nyAHwq9BYDNPLTG9wxqt1,1884436160
3NB6TDGC1ksx1M36MexjobB1i9R9AmvMcvAE9S7LzTGYomNkUZziedrHVmwxSCotJAd2fvcbHZmJvMmxA6U89igR,1884436160
3PyDjZLuqvjL751B7D5Q6mEc6GMVR6hGHThetiJsTYNS8t5DeUxsC1rFKu8rnH4BRKhUsbiqt8XgTxyeGGehMvon,1884436160
2q1h3LVdBboaihsKvs5zJ3UwPD14dG386JUd2i12ZNVniFNonnevq54o6SaATQxweF15MdTrwkbrggGRAjWtdjYq,1884436160
2wwL7nv1xYQcLk5Rs2Yder8g87SxzCybq5hP8DxYmCzB51r12jzSKsJExoJnAawLKuQXADpKVJJ8Q15L6m9YnjHB,1884436160
2P3czQH7zN6RyeeoeAdJZpAQpofjQYKbv4SmJ7bAY7RdN3sWJRzTjyZLTdNq8ig2DXRJ8GpqMwsJ4wDwGfPpvDFs,1884436160
5893hnXj98vcvyiXcbY2iLQcDWoKrHRKoHifrkoKwgdztXUT89Jeg86eTskM8rmpKEHctPnfjjwxVHpkmREpKGh3,1884436160
4CqDaJh7ELTSsvmdJ6PhGFGQf2JmUbNRTipe8jLoN9XqBdjeiVrBZqwkxgo3TApgPaAwcQiqFa2BeVvpkbPZpdg4,1884436160
4odH8uohVSEREkZU4PbFYhCSJKwReJ2SMzXkX9qi3MA87HPC7rnbe5T4GM32L3wikWnCsnL5i5HE1z29jPp53EWw,1884436160
54Tpg55zqRk9GYMDsSk2D5Y1g1mvjpTGRrToUbaGTintcwRkeWWDGXVx4k6uwQ4FvxPgXFUoVZ3FjSsMHhJ9NVxy,1884436160
3oj5KQD5HiGR2LjkW8nCU7JP6JyhpNBPNV7KPKmFbdGgmRTSpQyxYYNCYAghYPfeLGxYx2NEtsqEN7anRL1Dy18y,1884436160
4Pp8mLCSBp9sZZ7znqLzAGzZ7RbCKeJhUpQZsVagpezGmrrfnszX1QQQS7bJJnjmhcZNUHo6h593diURVMtcw1ef,1884436160
5Pg2W7SdMY8sZQnAdjP3VzzYQU8iX4uRt56xwzrUt8NqVPVUAxpf5S6aJvqrBzL4UCH2s5dpsMwDWMZoFdsoq9Ug,1884436160
5BnfpNaK8fi3pC44skyjPgW9YAxgsBQiKVWZLmtda6VCrawCsqpKCKbkCsvyVFzEpAWt8pw5KkDbw2MJAWg73ZpS,1884436160
2Kn82Bcn3gRLkhx4n5DFQpfhWbqiZEyV3FkqE7SFXZe61qw1ZaFm6oDL8tvzf8ucRkw4vCtYL5QeH6yjQjXz4krQ,1884436160
2bXawsBPL3sBEXkkKUVkKDQTPH8ApS48vc6QGiTF26wZWk8Lxqgc864cYK7fYhaaPkpwYyugjffLsZWkNUYUtEug,1884436160
4Ng1QzqDe5XCTJJoEkGpWDs2dQAdSuDzmfr8bztonvyPv9oSGSP59KV2yAGCy7CQ7FfbWfTLPhNQDEDkfM5iyji9,1884436160
5xNoHYfEsAJYCMGfCpgxdSpPSaErF2AFmygPevaYKfubvVjr5H7n9ZF5hwi4tfnDTpFjSeLALugH44nX3bvdZo45,1884436160
4PfRq7oKxy39F9TRsxXHWcGJ4JvYGAviJAHpKcENhGZK5kCa9rwFce5arXhDMS1YEtoHg3eSVkY5BbBB8XRApMFW,1884436160
3uXqQictZD9tzfnZSpFuUEhXpCahNQBLQfJw8eYkmaoTLAD8AdKfTWxDNYWm4WTdGvSCL8nrBVvPgTA3uyhE1M2r,1884436160
5AT2AGTtcCUyWhDXo6gzUwARf3HvqbPKNDnmH8kmoUDf9P5vXJKxK9b4gGZmKdeg3RGqAzVphf8WkxVr9QgsbYvX,1884436160
2Vk1NfVNnrAfKkJDy1uE8x7WTnxQRmiWkMEUGZXzEo6x8rdc9GNQBRZ3HAuxBfxKBttsu3Kwzs4hmH5U8rmQyXe1,1884436160
622FYZ3mEQkY9fFV71ZucHTdXWnWjFYrLcerbsm3SPmiJyWiAVu4jQ9xxhgNxcdwJhH5DBkXy5ZPFZJnfx5Ge25A,1884436160
2bkewAJCxtXpgkCiuRBRaxE9gizcEmLUGshYM6KAzHNo1HJmnduSok3izS8MXKDLrwepsaQotbcHWRcnjSEcUUR3,1884436160
KtmVvKFsXn68YmWbv34vccEqEZCQmgfJe239mtevACuug4PncVJd2Fi3hkTbzfDMQh7W6ronpi4R8PY84iGGDhW,1884436160
AKMJm6a6WpT3Y3pZ1RS6DNevqaBiVXdXiQbRtzk7hqVTq2qS4fpQSq23XTQDR5ppK3p6t6KQUoTX77ncdcNa3XT,1884436160
4GR6PPktcxQtu2sexdiuJ7oCfgvDR5bDcZf4d8PhabZv5VK35B8PYuFG2mR8g1u6h9CErN3DMynPvNHHVmAnEHwK,1884436160
2mZiViMnxBtDqS3PhyfJ5dR2pNkxx5Sw422EcmREmU3RC5ZhEbJ4NboN8o2kw7dh6ZPERwaLemyKerdGR1yUzH6H,1884436160
45Gi4guxW1jot8EJtHjJCiR4PBzyMvLtPczPVmkmRk2MQowPEFDWojT5Hw3SXeECtWAc3pxKSvog2EfMuDKdJR7W,1884436160
4uGbP9DezBWRBVACDPJ9xpbonTJuuagGsN92m5JUQLiZ9o9Dh6wVpcf6PnLc14biFjxjLePhuofW3Q23fHUKgqrH,1884436160
3sw2ZnkMmba2q1zwWstF7rYJpDe2HTbBushntvYBhtDKqNVJzsmL9TpKtHLEFhafpM4KgrWH7r3YjudZ8cKCQnT,1884436160
5rqKUawQMwrENzBpqaDqvgwnt8drZAFkXLMjjYUorHagWoSXz4iq2YAPZEpVZeYjpDQRidBUWbxSUnNY5bSXekQ5,1884436160
5k1eME16UKdsufT58Kv46jLDSD9F6PGRSVNw6HdLex6ZHoFcKQmxZcw7kCX3hrrDXDJ4Jqs3XTq7ZHctWYKmKVqa,1884436160
4gzkD5Xj5YPq9GgSR8WVHkkLomcCJskK6yLhy8oQ1ZWU5PPvQdDN5jjBN7ibZjMNPzeXGMoJzvzShgDcuYcyv6TC,1884436160
4kZbg6RZ8cZBXinVQxvncyCJvakMWpMSaJK9ThM9SkGtcuyb3zMhSkskKQyvadxEbU6CjjC6sVXAz8n5FCWeJ1Yc,1884436160
5pKsF7ETCGeA7KFBu8wtpEYeyjJZkMcaoMkJ4Ps5m385esjsLcaRr5i5QZ1XToMhNifnQZTkprjCWS22vtaMEr5Q,1884436160
5sXLfyDw2KXgHasS2mmRos5qahTj5rUvPYM1a1psWg4xjiK1nGd8CcRyDaL9B7HyE4BdtS2cxLGQvVFx14rL48Tf,1884436160
ZoVYdyeptAWVfu82jMKXCLxoeJgRSZn5vmgzjvVtpmQzB2jZ4iZ5sBLBEtkRyptvksMbrUY7boGviPsEuT8b5cJ,1884436160
2Ag5QWn8eQkw2c6LLfJyvQZtRNjGiGMeRpVoPTbS2oaeRWmfexNdAtLXyB2eBUo9KGahfkfyqLAJq9aZrdNC8Wof,1884436160
3wS5h4CUMJCpo5uEXL9XxtnAAiJFMCq5RsFMzZNKyw9Mt2NzG2Wtht2ZevmuurUqhmGQ1v7SjWZtSbuLTtga8uiY,1884436160
t4D6xPLk4EqFxx6wJxaPKPGqRAu6BccZzNxDhLDkEiDXzophA1XrgDhrd6Dp25XeYMSAh2dbcBJftYmG9fJDRsa,1884436160
3VnVi55UoxXjLUoV4BJGtQXTyUQF2RhBmpsg9iX2QgAe2q3gFTiq512tt9W1ikMdPg4dBxwY6CbUB65kywKNrmEj,1884436160
2CEUskt3sQestjPh9BsAnnQqnpBuTD148W4x1FT7TxZVHJ3VEyi6f12wXoqxS4f1N9cy1juz7qXyZFDiC6NMprap,1884436160
5VUeQazPevnwdV31Ri11jAEnpCpKGbTnQB31uTBqZi6JfTMEteQAmwvZdsGs9Y69XoWAAUEHVyQoi6tPsEWFcUeX,1884436160
5uBU44MkF3NPv7ZMLx5JHcKCVbmr2mmQozMcicKR4sLJ1Q7fPtr7EUqJvhsXWBtSwmKhrKQSroTtW5s49uAnqp36,1884436160
2E7Dw1H53UMVYrT4sJKCrqFT54685V91cBU9sVE38PLrXDX83UQ7kz4SfMFMHH6g4T6PwwfZJC7retUbbkrGY5nd,1884436160
2SY8EhCkavLcvpHDh5R2HrUJ2SPgk6y8BjEW4DDAz3UbP7sUAEW3AJfG7Dd1xt6mQ65fyhRrkZWxWSu9CcZfELxz,1884436160
5vjxyUHkEf56hCDhxH5uiZwQhHVhQdvVgFuG1icqcFUJV7UJEhwegUamUhCaxN1GshjMJ6CcrzGP9LhMkGptyD4P,1884436160
39UNvD6Ppsk5YieVGXEpvtyhSr9wS68eXwPp88SYpiK1YNxGSZJSPgCjZwZB3pNA3i9TkZhKwvLzd8GfVseD9KNY,1884436160
5TwtuDFLMYBj7bS12Jagq5Cr2s1CCwq2AccvK5uddUfc1SorSwwMcvtNorYKuai7XTbySMCYe9wX9PxnJ4HxCPa8,1884436160
5Nc3Lb4gQNAfCnNaaikyZhkz6TRLTSUyz564ndNtjynm5RNEEjrfvSEGsNmdEec5Eg6Ji6pyftXFkNuY5aA4kriS,1884436160
5YpqpkbnxGfr7Gsb9X6a4PruhhAexK6mA1ZziYVJQZrYQApS6aL7dc66PdakqmtSVVTZZ3aZM5gichKoFFKH5sGt,1884436160
2f82ct3TjYMzgtVwcnR324XnA13CrdVBajSX4DdRnWX67wLne64c2CGzY8LhuXJvaMSo3QBm5MdjdsVny4K6a7Wj,1884436160
4EH6BxgWAx2pF8AbKST3Skp1K9NJcGAG2S8sf7DdXhMpnSa8j1WLfzyq3fXdopwVEN6NqkDYf9UJPNuHWSaSiqXk,1884436160
5EvJx54AJTuRUXCTAn4hodM7j9AuBprkAYMLujvLgnVjzcqCnZHETkDKWwx7xXRNVnpzT74RiqRHUDDgebfAfhmp,1884436160
jtNGj8XxnBJtLwYXEiCijeqrn4hEPRiLvs8k1KCtV8uRFbEPHouJoPQwysw45v9CJsAG7ySWmJmbmwL4vSZyP4c,1884436160
2fwAXkWHgkTUZZytkbkeTYNNX993kbJ9a44jTWi5Xw5VZwkN1ZRY2iCjuYn9zUYhoDqwUyGuvE8XRE8Mr3GDWzBX,1884436160
24Vx4BMrfPaEswSJddQTX2YuEVoVHXCri8GYx1uZr7oTvzHjx34vBTPNKrVzE7g4m6fj6Y4a5sd1YTEgqmB6sctt,1884436160
4zq8sxyajk74nJjj5aYSZcEmy3dMfNZdh47WHfTdtEP5ozpKhrHgRcEGs8vcmb2gK84bGRbqQdLJhFv94yL2YXaM,1884436160
V87HSnm7UQau5aSz9JtbzPxCT64brTZfKbgfAca9ANiCd9TcZSrsJpyuKHtY7qGxgpBJ2pmtq2DkWH2RhvUJHQX,1884436160
3DvSTWkrBjmmZhjivkVE1qcZjcecJSoLmK1JuPMnmqpVeCDFWtDkoQBE5YTDfG6w1oUiP6i5d3RQuDxcUTtgnT9s,1884436160
3fQczHfFx6fzqpcjrMhJoRuH4k2Vss1Z8kdZ2oViLTZCasmKzGWCxGGn3wUcp8oEmCaBSUFMwEHCr1EHiAS8YHKE,1884436160
5DA3E5MkH3DstYkFBkoubU6YnuDnYrbVkmXu3xnR1ysE4UuQ1Gt1ZrCLFHus4zrDDYb2aoMQp4HnfAChtLHaqGPX,1884436160
CuZ8hrdvqWGC5JF7VRKuq44dJwZY8Yu7TxUX2Ucy1L1VQRGDLEdtroGGqNTHi6J2PdXK2EaUiQ7KQyuk8WAj9nx,1884436160
198zn1wQu1cDRrooDyBzZQqim84o4sGfgT48v7fD41PyWCzvXRNgzxcEPa8111ZhnSnUmVEBWatMK3fTSBReYkj,1884436160
4NiwRqxE1zBEeKZJ6nkQYHqNYvpEqeFeahrWHrWqB4QuHLzCWMiLqEsChLPzzPB5jCs5gxPor5qSRpN8y8Tbjmcy,1884436160
37GwqSbQCzETif8ZebvZa5yL5roMUqPgbHWjhfWy2nkzdwWTULSoSJoxFkbTW92Lm52oKQNSbEGS6N8mNs4duzjy,1884436160
cvCJ3BhtxerX5cCqop2cQT6R5eqBV6U6CMyfVxgu2hhBfGRQVR8wvjYSWwt5H54aAC9QRwEQ413ypY92yuNoh4s,1884436160
4UoSy6yhdzfUAWixXztPp7UJKGNNE7RCzGo3JZJvdcQxQ55ebu9W1qntzJGUKjrybgzPbbZsT2yxXrpGBkQH1hrq,1884436160
2xDEBKLZvUStVyKLd6zG4DpaYmQhzCr9N23R6CfyxtxnFQ9WMGakjzhWuYppLsq77PonGSTR64tsgded1uwcxyfB,1884436160
2tgaZxUFVjzXb5RNPdJydMG7ietRvwMjyxnyNWAFhzeYe8Q4gJuvSydEUv7QBd3JgyhEzbN3ygfscSeY6f6VkvqQ,1884436160
347Rj15syfKLhfR9kn51FcPuntLcvtsKktcnmtGJNkyGupQd5TrvedHPkHkZWBytB6wkGuoG2arqvFhtaWXe7Jq4,1884436160
3QBvnZj9r4vN9hFmWrr9eajtRtztceMJAKb6aojqrypijWsbzBXWk5kgXpH5QXExYeeUFKBbvLq613bvgAHMoz95,1884436160
39qSUveJBqcxhbqFFntBJgLzZa5soTug1nQ4M3qoVjsK1rLFi7RsFGbAu3vrKcbMpA1fYLL3PYFQeVZPNDck3RZ9,1884436160
2WuNLAS4wdpvQ6xffmZAEkQaqMwoJfVkk87N1xA92VhACYqxGQna4fgCccsbAcMs9FUbRvE172zzpnq6WPd7UMzu,1884436160
4e7t7YuxHQvmFdNpmB4zhAXWXqJj5bqhrKWsX1bEpjgjRquLrtZu1djD3JrUyZMTpV8a2ZwW9kBpphWp3msaFH6b,1884436160
3qP3q33XFUWTcJ2d5g3UMGuipj7154uCHWSyvaLcqCSna6NBERYBn8o5HnEduUumbFPzcJfFoZxdGkCNFH6ZLtHf,1884436160
2ckL2wUexr4NPnWv6w3iKUAX2sav8TdUzjHwXBAj6SAPYoTv9qTzrgyEkApYys8Jsx9RQ8vArbGmAiKtXUcAYEKU,1884436160
2KB8p8SCfuXVprbBzBLdueuL1JRJj91vpqL5g7X7pewx8iCZYmkuemWtv7r1aqTXzuCbNc94NDT1C7htEaRapuoX,1884436160
5SPoDwbz3or4D3zxWB8NRacDLpSjsPNFVXuZ8mTxms7M3Z37mD4fATBJe3XC5UmW3i434zjicD8TzdWfoqvzSQrR,1884436160
mQSZVvV8p595N4W3kPCCZoZ9xYMTmRtZ8mX21haEUstuDMuvFfjbbDtd6Eei6VdtFVQggZp7nk73CJyT1gbj8gj,1884436160
36Qqu5kxyhZcXfoSLoHcoanLMTDg3LU3CVWy8Bcgfho12xkS92yfLCkiJuWDC6gMCbtzbkNEi6DuWvLN4gQGjzkY,1884436160
2A7jyaojdNJCeTeCnAZLeDZX7i7R2CTK8sz1vDU6YmBdT333HwmgWTsGPFSHzBbK4Awdaz5D5kMvBCwY7be8pfUg,1884436160
645TyGmEraWP5DMVVNpv1CxyUhB9ETUcruqutHf2dvzjoCsP93mTCZew7Q51M6zfQ791aj9hJSLGBqgaBd8rDSrR,1884436160
5fCd2FDWE38x9yNXrt8xtZ3rupyCASccPPMoWRcem1F7kyrLyon7jFX7DikTp2eqH2vNzC4AfyqWNKDFUt5JPx1F,1884436160
2AyfDrhEBM5VP2w8GAZb1jenBYatsqi3TUhTKPyAzTTzBPpZMraBb8niuLpsk7KmsLBe7goM4EtzoRiM93hRH1RN,1884436160
38dKV7ynr3LGKEGhJskhNha27mTajWpXxJ2uNjXw3CAAmMBxD42Kn4nVhxefNPXs6pnTDHgg63XPcKKu86ECfRcv,1884436160
HbyuJX1cYz1CxxhaWnf7YEZAVPH9udU7PwdVHWn96kZJ2BAasygNDitmdysz4mrVtf3v2yVKxonxuTrqRkm4Qta,1884436160
2oNAo9aSbRRV7CgEFt8kyFM7Xz91NEs32PpmbkSaDZeiRreHTHua1ia7HMQ4AfzAVY78BdK8EN3y9kcSVvLBAAWF,1884436160
55N2DG1f4MTJb4wzrUs55japbKgDRhgTPEdbmjcY3v3eGSSEeMFimsgjyhduteuXj4Q6HoB84xebpTRHioQzBeUz,1884436160
2U1v9B3ok7UDHJN8DNrJ1dnei2L6oDTm1fErUcChXVYbbscFC1ZUGGHyKBjNsdKqTKakmcHuEtZNNJzZQSPZKPf6,1884436160
2U3PYEdG3RJErUwNVYXx3sNZe5c8QtnB4nnGewAD8jcQ4583E86YoG3TMyF1j3sWrTWsoRjgVTQnCtYxLAfGNreE,1884436160
4KMBQzNKjDhSTLKin7BcwwrzMYR3nifP2K64Xvz622pG4Hb2myUkcC797jNn8t5kwTWUdmjhha4R6GEWjezTYU9D,1884436160
2DyffCS2he9X1T6k5StKFSyGKZBd3uPKLQCAgW4cApcUAFvhENTjLV7t9RxNkDm8T7rceYAtvukECBDMKC3EPUqc,1884436160
5rFymdk2GRFeWsNUKYa4y3bZWk8s82UeLELy8K7d3nx1Hgea2fdsvSQjhUutVVUwVfUZTsWFjDVAEpB3P1ZLTgP,1884436160
3DgR2sCbvvTDPBW3c8wX8BREc83r4ZngM4bWd6iLUrWyuGghtTuVxdFafFyfRVS5FicGXWqog93R2EVg4P8K2sLF,1884436160
2VqbgfbM79jbsCc6hcrV2zFMoFeJqPmfUxuqqD8U3feNRLcprZ6goJh5kG7EotJQwdrVJSKigUa6hdpBrV4YUzR5,1884436160
2PgJD6f7iLndefiCxPD5GgZL3zxfUcWgXSNNR4KaxZqtmEQTB9ey86dJakVofkCUVkcWxwMWH6hYgmHShfSCPnVQ,1884436160
5f9Jqv33SBYmVdeK4YHpYg3JiAhsHr1yfPjeEpZUz6EonisBH8S6yjstu66MWyPEoX8V2na7kwuKAaKUayUQ8W5V,1884436160
3yz1JwZXusFW97aMVYxNwbfR3hSvEozqxAWt2PS9Pu2ohsGET3x4ie1Xs3dSgLufMmNoDc8ZjEEw3CRGsDrBxsvZ,1884436160
3qDqmQV4xGgaaWy1bi1v9ysj1V4GHkfvsumycP7ME2HxqGL6pTF1j1Eo8KjMyCE47QWpnB9oAFeogSgDjRxJhBJK,1884436160
3PCBfavqq2tVUMkLSj9gnMPPcsepLoBxGgc2p9jqT54dqBgdpC21taQLHtHxFUA3N2gagpFUyLsgaDnMmgM2USXs,1884436160
5HuoR98Vf6DFQMhbbMNbb3kdqvLiBJofzYe9BGSkh7XULBdBksHCYny6TxrrjSY3QTQHx1M15nY2pqCzxAUg1HfP,1884436160
5bZ6DYGRqEajS7mdQ79XewebCwLzQgb8puCMBUF8pRWbEfe1G2tYTvKgHmarVb9BzfD2H6kXxTiepXrVhXTAK9ts,1884436160
tHkZboXWKyqc7Be2QSLUKSUVuvusvn6EjpvS7nfrYZX73RNbY2psV83RXVaGbce722suW3SZevSH1Y63hBwqaFN,1884436160
3Fe1oxeY7tWg75bq1hUG1s3pknZBXbqKMV3b4G6tqJBAwAQsjJw7jFJ4zwgq18vWTAY2MA85K83wrgATwfvHZm6H,1884436160
4jN3ziJ4qzoakAQy5FLZVSfRYkWYFSX1fyxjhbR94bjhwgReGP863Mnq51fZcrk4ot7Zf4derwTwnRiX1xmzTxBh,1884436160
4GSYyrrPuTVY9VbdyyJNh7KajPSWS21EXicLsGf5f8eQNTAqVwr5pkgQ8fTBbsVDu7U4WRZCm1JgTcSGQcFapBYo,1884436160
5zK6Vf7SwnY4kX7bHnRF8yTBocRXUzhRGdNMb1k6j6r5gqaVVbez7dQGMSVKyGUcZBB8TWR9kYJv61kXWLexoPkz,1884436160
4K6hkLofuejbc3QM3VjtSWqumjmvps5jr5pAF2Nc14kqNrBMRpYnKeck6xCNQAJYSc62wtL7ygCK5ADsbwjJpFDp,1884436160
3FgBN97avPJPbxxjf8LUg8FepVcLXFNfVQhksgRDai17jUJCWB7XWuxHBPFMWPq5m86hKRnFqECJera9McQqwU46,1884436160
bNbEFZAgY8ZQHzqrErUM86btCLud3ewaE5GTdRFXHamwqgeBAU3DpKzuZwPgFFuk1oE9gWxjkio74Jux5UhHcHc,1884436160
3KW3fTueFYgcNBdfb3B9uNBkyJxFm1aVk3W9j2TsnFCcuDthppo5AskoM2ybptky396nnV48SN8aso1b8pn9ZqiX,1884436160
oLGvhYPPKXLJQLSQknT3dbRBRzBYct4LT5tdDAkHGCaZ1qsaRC4CTVZ9BXD6BKbkFek25sKJHuowxk4FQTNZKYk,1884436160
5AYHz6SgZKBRFFGTd5N3b6P29HGV44vM2t2SHQro4dLvpoYoKP4ZfG4rXKkCMcbrYsAnJGUnntWhyJ1NqicqJdPq,1884436160
3eLPg459wexrpRez8HsAPp6WJbvSuXVsxWa4fy69bGzUjBs1u5uTZxygL1GGsehkSiVLsCx4TNjB2DiEWF9zmHrz,1884436160
5219WyxMRxRPjVVUBEjXvZsq93VQmhxWQX1Emqt2zpwiorrxeBh8caZZut165pB39tVTk7KTtUgSVqSzQBFARVv3,1884436160
44b32asdWHhXpo4aWGwdLxs5FswxfQ4WnMMzZrf78F27mY8F2ej2fhXdkWrheTMK83gEEtYgXEZgmYokhqsz9QpH,1884436160
5oYi3xZVbgRkDCQuaJibqSzAjH49LUKdky2gWvD6kpcEBu8XTBL47uJCRT9v41sp9JZfkwARyFPpB4EtaHjtfhxC,1884436160
63TCbDh6WCU1oHY9k6cM6fByYEuDzZYwFebHVJQozGPUy6ivwaUwyYACHvJTx4BsYtgDzF5gXCrn8quJKrWxJtV5,1884436160
5RJJHRuiX4fviJEebJ5dB3TaYwTYmWwvP6ZfSAch2xFWX826zfwuVmjzixTFjZZ4cHZoUPdFBL3RHyTLzt9iwKdM,1884436160
5UqmAzoSbrZjKRQWVEB9i2KqycVqyRVk8pWL1A1UcuyPwBozjPciDyyGK8JEzreG7nbafeTdKC5rU415pW6dpzVt,1884436160
3keqeEC1boZAbirPvNyW2QwppwBbZqpwDx8kz2Tqrp7oQ4jATrgme1tt3KFzkoahe6Y6NGbiNPHHMbsqTG7sxFDZ,1884436160
5mkrSiW5Aa5Li8B1VBasZQ8ZJqYBhXQgAB4hJqoJChXtNEVQUQndtWtoZk3thBesCrvQKTETGiQqe25NKp6FCvAS,1884436160
4YbeU99xNFZ5NjLGzS9yuiNL5vxKGtov7d4vuWGiFj1nMHk4SnZ5XyQbPrtiYhEoepj4cvVeN4eXm9G4gFh9dbco,1884436160
2wDcR9FawpcyXSZptoXW3unRwdeBjV7Fx2giYo2TiZtf5dVTvytAuFF256iuZcCnA4tnbrZajC82fiVB9ReVuZRJ,1884436160
2Gp4zTRaqBqRcRurDuysfektndcRVA66CPbN2SxV3u3Q4vWWpC28fPYE4ZQq5HKc3dNUxeQbvKXyyWGXnrUk5qZJ,1884436160
4HZ7YCnvqLkKgqYX1FKFCPJuBWdZTDux7jKLnK6xypRnftxkhg7aqxkCds38662rieGNP8hKncVDTvAd39CpKnPN,1884436160
2yzoWrs69c5FFNcTFNrmiEgrC8EWjBy2RVzBYBPw2eJ3Jxd3VqA5bCKi8S6D3SwNPnAtDT9aDjvcaZN6L6WcV3i7,1884436160
4vvcT9HMqXDsRFQ92CvexAZPNwJieske8NWBVuYuqxDvijWbGyTv9hnsw9NnPtkk3LvL6PuEx8MekJBJsK8K85LB,1884436160
3oCti7PpaRHo6m1LoMtWEfTVaqekTc4pUrXdfqnJH5ommAitzoW48ZPcW7ypikQC6iFQ79nsTY58nic7BCfZNELU,1884436160
4jfepLGdeoBosZAj2nmpgQNrXUf1qpi6LqcaLxHpQd8uC8urAmgwpMyMNQQFQwT4kHs74bHyJraaknctPsn6o71D,1884436160
3rnjUZdoKVN8CfkWMtE1gBeNbfmjeCrFPhd6MZVtKTdCYu2xAKpZfXSoeW4b6sP9txM12juwHEm8peZ8GHdttGyH,1884436160
2uVnNym1mhEKMStUEivspZuA1AF7oz1VwZcYV7aYTyaNCQWigrrFw6CWP7UTj56df5c2KUzkFXy4R6VLPpyJXNRe,1884436160
5TiRzpoHp4ZXSkgxKs8dF75zVTaHxzxqaAyZCE3BpHtSLmmjiK1cin6oCNvhWfG5RYYiuXLX8kSi1hHYrXQBEdub,1884436160
3Af1xL4KhjMMzSdQpFbaEjphi8GubkK7G5tEcVULfENrk8uVy5ddLdSZXfpqfkkbS9RJ7gfoz3oFLC8gZ3Jffxys,1884436160
4tcxf4KrbigXDYodSTpLU6YYnVCeTW97evYEERaEKbtLe4GujQfCPmGygpiLFR94CLiafj1wFZKHFZeBGo6Ss5Nw,1884436160
qCNUoj2SMJsDfqqekayxkfoGMXWknL23ApkF2uoXmptEaDy6NRadhjK6LD5cxXNuPQSNGjWDCi6HSMSF8FRH1xH,1884436160
2pwVwqMG2WotrcKUvNYUsG3afoANDzEc6PLuCrcD3YtZnwSv5kPE3ous1AzyZ3AudGWW8BL1zsA1r5Kh8t8UgJnE,1884436160
t88mkZU3odZNqnkjjcpFJUJuuDXj8qyp8nrm3Fm3iFtyTGugebu93kNj6jULWcwSm7EFPL3CNoFsBsnrZFSPb9i,1884436160
GMBzo5To2sEP9DyQ9Sm9vcA3D2BzAXGh2CYkAuR4UM2Xf1FetRzN3Jkd34rxPLzUqU8tzdgU5A32aHinG5yn3sV,1884436160
2y92Wy1ezR4wUDxVgrzL9BcUbJm3TXK9R136Y4rzdvYirHfuidm1hWpvu5bRML6rYBBK748ThHgpNuxz3YvC4tyk,1884436160
5xEoEhtDtSd6Miq2Cgnoe57KSPM8ZfCfigtQWUMwTSDEaQMs4smAx77MVJcRPsZwrKocCJawha2JkxMNJxaVqNgS,1884436160
2Yceic8jiesSPm93D3tVWG9tjkv8zzsAUmUN6yPNCALcQyUPNtX7J9FxyGkwAZKn7LVuqG2rVgzMNqaTqUmRCeFq,1884436160
2KCtazV3tzvLnSLe8pfb4mNJSFLGHEn8HtFYjN5SYZJpmFUJD5aWpr87SoBeGd7oAJABZ9XfoNLPsYMdDtyoS2e1,1884436160
2Ap5H6cX8FCbPbgkJqBSVSNwMsPDyYJJDYvxtzahZbssrbCN2utqoZihAKwx23aJCTjzRcxVZt3H4Enmzm2bDkXL,1884436160
5PX4nbLKyk7nQ1YotYkeEoK1SqwwnEkgGghTueu6di3Q5iPfk4s6YxCMAtw3rCVW4dY5bQcDC5qrjo22nMpjLZ5k,1884436160
3vnehWtMJhYSK9Lkg36ELskpCyq3kehDyMCzQ2wd4hycFsVcWEMrZrejV3eCuyETLwQBE1ScqCvrqAyPcQSqvzSy,1884436160
3f8P2RZrvNZseBenzMK8tbM54WKtfofEynDfwUH3r1BZYNz5dbYugP156pXSyEBrLWzsidtB2PvBk1LgdftZG3vE,1884436160
5VfSsUJE4pt6ecjGLMjBonHZSqCQHw8AuC4yDyA7aTkHgPLi4tojyiRVwzxaW3CiG9sT7ebGtwmc3wwpJnqSo3Aw,1884436160
2SsQurGG1z3E3vba7o7fuf6p4nCeRwSUzqLKJUnfsYDebpRzMLvXkBsVmtRRaAZbd8csrJPss7YL5VcFycuJ3oDt,1884436160
5xZj6ETkAarUAuNCzKrq9stYPyYtexaEDaRnhNcGhWqJWQz8kbS1zQBC5hN1g19CHnAfkzzkHUXVvLSUE6F9ERop,1884436160
Xt43AZ9kg6bJJCqag8tnFG7oYgYKEPQygmcqVqLHjXmCmc2CvLL5SSNZGY6Kh2cnmryEkPjTGmMFAmrYwPEuzrt,1884436160
2NReErHCmuErwwTsVQParq7KPUbzKjEEbBna6ThZt3s7SMaWksqMJ5NGmGGwVuzMvtxqM9Zga3oEZBBi2zMKLZd7,1884436160
2TcEHoPskVsb1ZGkkCoWyTDat8pmDUgPs5Q6xRFotjxaRDGMPxyED6NniPu5Aedz3HcKfA2gDHB6WQPvRAgthrAB,1884436160
4TykKKr3sTBFmStQnLJjvmN4GDrLM5qqY7EjiPKuAvoRHUpN82jsjvjgFDYkNwx3ZbN67CEJ6VZzHbxSKQJE5e9y,1884436160
5h7wvhLHmEUf5EcqBA44GFwx36y4LQx4rcmQ9XA7UjRLJavnDLg9QcBA5BKvkjUk4gf1tqmvN4vpbJ3h7HW3yoxR,1884436160
264UXJVFGDcNGnexgbv6kMHqusxg6titHqbw1xpiKt3oEAEGtXfVR2g4eJquF6MYoXYZ4QpasfJy3LPkWhwKnMuE,1884436160
KraNf79TBQxFtSgZrCVy247eyaymfooSNUXqHgVPzfVnBCBWC9zcv8kwhCMZcq2xVHCxKHzx2miGz3wDVSTaYhw,1884436160
2pn5USxV9KFCCSzKvHSR4boFdh3sxGYPN3gNXtGDa2bDsbSS7Fxo8YBFAf6TxFjjVixB213JCZM2TQcpzVN6rh95,1884436160
3p9mpQvRTg3RKTikXmabPjPCdYp4F7dih9Pk9W59QBtDi2t4qHyJjNQb5jeZtbK9LiZWna83QpdThBMiRThGoZgN,1884436160
28tqndhyLaW3H8UPfL51KnTdT9Pw3CiPh4WxjFTB254PSQ2aWxt5qnq9qKCusRXJqSe31Y7uYHHxBbiiytPDkM2D,1884436160
GEmdZuB6mhuAxSbcpmSsCtC21ChY67MTjokZkSH35XmYpdx9azfcoTCwLCe8tVvCxKdw54RhGA8VvetzS9rphFJ,1884436160
mNNnewFYTYrTUMTicDhuErLLH9p5mouubt5cdnuFj6hyFBzSCEwgMzhA8zenCDSdPd9NAFXEoAWa1Dp7ze8JYrM,1884436160
2mMvVXzJq7q1633hQabhfPFhjcy9yMfdLqGQovAMdNRx2ownFp1cRPQ35NNZuMHSiiJ5FMZHs4B6fyFq5viWQZQJ,1884436160
52XQPco4ChSQ1ZYDfe3uuff34kRMN3brRFGrF5vNC88XgDDri5iNAQ1cXLnRHAJcHRwePQ3xhWLeD5FukQwdERdq,1884436160
5DWEeSjHs4qjApq3HK46UPKtCkwwBywrfWfVXM6omVePcANgFrXQiKMXHmztLfCdiM9edLfYrHhVDjh4oBuF6z2T,1884436160
5HwVkwE1kQnTcDhu4Y4BCdw81fCQ8avhkArWNasSZnM5TxwU5BspnuewAEmCeWXkcpWickPTyjAUTZfauqfPQDjQ,1884436160
p5PAeZswkV3qkkJn7PUeWCUXAWevMumbFXK5sVorvePVfxzwPLsZqjJ7BzDR1GWk4e11KasvYcSYAzWyVYmbL9U,1884436160
4HsKbYgiGxadfosrLxreGetbniHSTYrMrFhHDxLYArgD6xNNuYKCBS1VQcrWNfmUi8be6sR2KoSKQX2y1PdpFSFt,1884436160
5YQ35xmpF8nKaahbJJU4raGg2t6roU8fpjDruaWDDK39EiihLwWQsz7WNEZCxE2bCpU7okiNRWWswyqqRBJ7jzgR,1884436160
5yK1ZDiPAhCBgKSUbcbsip6ErVXZnfYh6XGnL3cxiTLiHLfECLJ1X4SCCy4jxwiSKojWRAz2DSGioQZeasq7iNnT,1884436160
kpEt6DwrvGAMSLFqfNoaRB3YernxKSADHuLLjQXqYKHCKZLfrzdeeNkCxtMwKsqbRjkNDB7vHC7JMjrbFJQ7j8G,1884436160
4Lmjuho7d7ewUVskoymnV6jqDLtqk7TCwxG1iqgQc3YSbWQ1comZgtzTkYfBmsmGbBDPSXe44V2PQiDNsNfvwkFC,1884436160
T1xwtTPqvEVyyYGa96VX99DdYyUcJmAGqGz3XaXJu6AHikAzoiwLcyHuRafwoW8Woy4ZW1uveAB6pCFYY6hauHL,1884436160
3wE9hjuAH2Dg9uo6UatP2Q193BHXowjNwaebnZDaySoRP1Upg3iKuqzrHfdV91xA1S1ZXoHwdkXasukvbWtUfdvq,1884436160
3mszdPqqjUvzXoSGnWS4cRL6UwJJ1jsQFqVNmhBZwHQreKEFpZNu4wDMFou7fRy2xfrSyCRtQZoURVobaUe2yAM5,1884436160
66357PUX61LQwGZ7JStzjdrnZv94zx8VqdTfmRfKkvxerdDGiinP8NdUJq123JNGTDUhEFA4xrRLzJtqWdaJzZwx,1884436160
4EP4pc3Ke9r3hqqG9JG3PyQ3vrQ6zu5ZFZH1F316NqCMEiatufiZ43A2wywd2JYrVp9AiTkzzox2FfXDCqLMsV8C,1884436160
3TV2hqjhXKfVE698bSH49n3jJDharTWoveQoBYLTCgTt3WV6qTYcueghugyAcE62axSJ9DevGffAaQB4jom4q35c,1884436160
oAqdm6YdJfE2hh1V4foj7EunnFvLhBGZo7LhxzmQSdWuAq8EweL2ACyYfCJuYM7XJCFm39PSeV4Z9r3FU7AJ8ZQ,1884436160
5NXpr2d1W93kQP8ZoCqNaZBN6zbwbNkWTfHJT5RrHBt6fc5ndgie6Ttmfar1btTUnhqiExzqh4PGyNQ87X1isT39,1884436160
2LMrpanMGLiD29xjQfry5VvgBnuXuZav1GwaA47Dj5q1TqA25bHLXf3U2jnBqE6mnQSh1mRBQYoqv92mQQYs9qKr,1884436160
5fHGcri6sdrPRvBhwmDQZ9iUEbtvAWkN43q9kzopE2TKYFL5RRyL13N4XhFG6sUX3RobHUKMp1NynX7XARsmhVBL,1884436160
2orvsnzV8tamCstoJyHVkvUs5YcSanR84DW3yBi5HmvcFdgcpBoP19tFM7o2ZujTZMda4Zp2Va1iLz9nS3XWzPa5,1884436160
2Yu3mEHcK4ouvQtm29tPuBP1W1vyHwUuGmjs7yCNu5D9ZDRGeorppvibcG25WgvxDZNwMs2kkjs5nJgx8tV5x45W,1884436160
2pzyhDCJt4GssU2r1kcwsEQuRvX6TcwMZGia91ub8KCghDvDthZG6G77NKbhNofbW9neJvFmmDHbR7SMqFTcgAyC,1884436160
4DBDNyThCJa51CS9i29eontG15juzrAxsud4ym6qp28ssNqA9yaDHGhPrQXW9R6VZCAUGXxd3vwcFfrXCNmkGXej,1884436160
5XMGfCN2JkUa1dp1kvQ4xg2ki5wf5FeWdEXnLYVk75tR95UZnQrEToP4mKjy5E69ryChmE7aL955yN1YS1QrNzbV,1884436160
3fB3hrH9FXa48WKsfAmnow1oCBMmexMPJ7a1EjGaLiBLhuUVPV6amouRiXCX4j6hFiHnhaECz2N4Sds2vFyWav3g,1884436160
55W8xMCWUg4qeyyZA47yjxVEK9ojp93RxvV9msZLpRf2G6PsjwrpbkXBZMWceRvUH1Jzf6eZYy71iMsFmKvRvZAM,1884436160
2MDLaKUiJuFFzKmn7E2jpXbuiJv1bPm6JxeHxa53dBFgSXHRqBcQFKwgnsDsj52YtxftJoVeW2ijkGe1wpA19HU6,1884436160
5S3gbXZ2wGAeqS8Vxon1hKkaWBtQvLcbbCJizRrABvdpPwpV933EbJwcvx7C3KppJzkci81udDP8djWcU17uCsWv,1884436160
PHyvHie7JZcYXW48tsJYWUotRsguLxNPZRrNMh4i4v8evmyGzsB2n2hyR4vQdNBBLUZ9TxpVnavxqfp8657ep5Y,1884436160
Cc6ixh9ZvYgjqfLfJURDzWo4gcdknWaUjHWKLZyiiKi9LVvtYvb8x1kyoJR5BRzYthLSFaBgna9CgifZ31JWqUD,1884436160
575LHsP2PQXVKrxtD5BMZUS578PctC664JbWeMnE79t2ANA6XUF8L2eoK5LMEPkAT6hzAM6L4rrnryNjG47P3737,1884436160
2Rz4VDbgkvoxbR9fG8Q4Z4PVAFh7omdXaMKGTt6WvgFw8f8DQpjMPKRMGMypcAmBxaCB7aMbpvC2BC2p8QeHqPh8,1884436160
56d9xKPjiQUQKEYoqnjTD5UBWfEuuhksk9vTAXwGSYWT3P94R5wp8YtrHutbtwnqtAzwFy3RPSc7ZkJgTtSr5vGR,1884436160
5jqDUtmKUb8DMRkQ7dkpKnS43KYEDLPrQiFhvoBTHAWXJbJDSijanX9fQPoSHHhtuFCwi46sKsAsaRGdvbpxYSDZ,1884436160
65dMetTnTxVJuW4rC9288uyvV7Gg65E2FHP2MjMB15wxEdQYVeJDt63AKRAatz4TpwpvVYBvUFUnfcggjMbLyJwt,1884436160
ZgSY5V269DwgskXLYUWFqpsMu3T1U1wn8eRCUwysjqeeCNGdvDuaZVZgPcX4ZeeS1BHUN94LSd4tDxdy6WL6Ubr,1884436160
2J2CdT4qpEMW3wcBQEAaeQZzBFzmSwQFCjVZ9vAq9Gm4ZWq7XFTQhic9FsGuX7bCXWavDV8iCBt3uFJNUksbJWHA,1884436160
3xnzSfUZtuUbxTxUJk575NFipvp9VMXnjaqM5ZXvRKSkYnT7qGU8Xd6dhxy1durnRzdyrrPTySDQrRFT2k2Tg6n,1884436160
5iP3zvNpd9Xn8TMpPfH8FZkYnQ9jhkasbiikQJrRfzuSJSSPSijSShCwEhFrryYXz3iNa9iuPMa7KePzmKK9Ymb6,1884436160
xJ9ehivznvyQuyiSDBbXyaFDU9R6EM49eD5nGQDPsmXRgpgryadZLre3rrt7HJkgumHHQTQmtdgYQRBEMDf89ib,1884436160
4Ziw1RWy7FfNgMoYgq9GtF8V3vKGfyD5fMm8r6SuTUSxPrDp1aMyM3G6MJC65UJ6s5iw8YPkUaLQjPTpz39kDnco,1884436160
4DK5sVawfxVWangWb49LwjwZARbfhkxnYAoewhqywinxUssKEeAZpw9wRgQiWv7yoMwBTpcxcXioxXHupNBV24p8,1884436160
LpaRG8yKwE7h2NMeMru26RnKD2d4Ktd6FPgw8jyRM8qbtuUD6V73PWJg2xWSUxVrR8WAnva4ptK3dsFEri36qmB,1884436160
5Lg34ZrKqmqE6sPXN9D6UaC6LWwdtaLzhYiScNYodgEjn9uQFkrci7he7hP2Ced5Pg23PrtRPAErRWwN1GdUwKvU,1884436160
2PaQV5cthWbGRCX6aSNwSSopNu6V5RMwYtHmf8Th8ZL1nbbngvD8u8bGnPPjVnBWeBKoJT88XCkyoA8rqLeBQxrN,1884436160
4qv8rgbMDChR4iDQRJ5MeQLAekx3kURTH2CK2PkTWDCqSGyVESNUpzhjiBTuAkwv66T6YbSjWEGSeq1LLJ6J6Lxk,1884436160
2ggwsSPrkgyBE44zn6cUaVsVbzN4jGJri3CAqJzpriHrUEFtHLrk1oC8Sc3GSa3wccTm6WgrSiQHPiYjJhsGJZvh,1884436160
3xWZvKMXwkzrmMrw1g1PG98Evq88FtHqJg7LBk5uCJms5Po3pAgsTrVXP9Q4DyJrzeDEwcKpzAJ8Pd7Y7Jo1aXau,1884436160
6D4WSVvfQMa3vqafGb6kKaygEKBkTiincPKi3RwrzLbuyEgi3xLaxd5oQDBvmW2m1DfPZzJJBY8dizhRP9nHCy4,1884436160
Zm4uc6LYXM8XFVGkZA7YmTTSZJAhgLpFNKHjcMAbQn76edTNCD4KAk3AY7Mn53ki2FF6JgKNmvUFMi7d5AR7sc9,1884436160
5fVoK5TMtZo8jtf2eTmGn5UKbzYDTV8r16buAcbti13j6jRMMTgVyCYc1Favt7QEGnKAC27h7fUAyMnQYzvANx7t,1884436160
cnRxKJGz4FR9yiSLCMyCAiES45J2ZFTKKzTNZdZDagyh6VvyeA3GBiD6bdcpc1UJAJxCddtdFv8hGp5adHdeabc,1884436160
t4nQ9qfsP9Sp41Ci7oL3CxekvKPPbHe8bLtb969NhWZh9Nye2UawwFY26a8cgzZq6gs6zmfkkDvo58hK8263tuN,1884436160
4tQhcSXNu5yRV4TbEiAwqazeohfxpnCdV9CU7HSmsjAMEipQ8ZMpMj2gcmPzD6iumUEL45SUtpa9EXj6NAiQ4QC6,1884436160
4fNLfPGqQaHjdjpXjk1bKLzndPBTPywCDRYY6XdoU9gb2JfgpbrhsZ7Xh8CuxpJyJVGKR4X92yL5A787xe65hhmG,1884436160
2nC5NbNGGTyBkPhH1MmRf74ZDVQoo12kFpLaw73zwHDioDW3nBv2xeic3odui9VUnLT4yh4NPaiXrMPpj4Ch7Fgf,1884436160
2sszj8LuziCUHR8j2rGSx2mTXXez7yEUVmsYtQzvgmKrYizufDT2agPLeBed8VjmjjS1aEB82ANjQKWUUT5H6maM,1884436160
3ifimERtXoa7BSsVeCyUDMt7CsimtULjBVw36ktKHvmUeKi2RVg5GHPzpaqiRg2zyA3khDvnvs598eF7bQYRTnv1,1884436160
3Ntc3qgyZDNFeybRHPwkM4MSBmKnjBBxo4jNwbDM8SDzQ18MPJcd9HZ1a8PYu7d1MbTqrAr8YPDuaGdDRpNStDTD,1884436160
2tnWYveJbfP22cEx9tjQfadYgdV4i45YWCbFYcWcNRbG2cphtwvG2W2GG4dyRQ7xe3BMovLeW49AMimwDu8RJFRM,1884436160
2BSsw4tDNpKB8deBzf5M3mr3Tna8fWPpdGBSxBZBGv5y2z736Jwec5FjCqmk8RRbVAmJsnQJ5f2YmEEmmidojDd1,1884436160
23UHoFpNxZTsGGbZ4vs1BYEpxFth3eBTceRNTKNLtNkENSt4TJB3VQgJCrUohKmUbDa72JSJ9hVptgvwyQCVvqtG,1884436160
2L296fNnJV34jUVVpJHSLyL59imPyh2ZZDsNS7zMgemCCRee1xCoKqY9fyHCG1iqfJ69Jw4XsMjgtxkdDwMbP4To,1884436160
4Zk6x7ecuC4yNCri3vzyQ4LE8c7UA1DfAUXHvDopGro1ma5kAbuiehpbH9KxzidT2V13AJxqeVpJ9R2QrEqVvA5P,1884436160
3PVguNo3VsVyWgHiBgr7Pyvg8kGH83X3yqLcsCtCQNK5a5E9sUPcWFRxJzZK98Kd4YhVDQkvtZWtQLZtTzsrbKRt,1884436160
LdnT9HYULuutsAyDn4HiKW3qrnCBnScUrbG4SvQZA6LEegfvQLX1yhVA7LgB44kinWTTts7vTJBDUMFQVfWoLEn,1884436160
4CbFkmf1HpmVSCWAkgGRDe92Yu8GCbc8go6HZ6DhcKd71hNeR9ab6if6hKY7Se1hcHbQJBTCY8RazpBzp9cDdgu7,1884436160
5xmdv8vdXxfaak592Uu8QC6jCowMACK7XakME4zMFPagyh9pRNp8QihM2gtkRxsrWcfN4mLkdTez1hsgjNYqmziv,1884436160
5VQuvfiPCHp6GjcAdVZ23v5wQn38xcbrjhPY3n664UMYyVaBgh8Yr4E24LgVtuPtR4VUyGVPiXU7axMnYpzbucgZ,1884436160
3TLLW6pbmBzoPhEJ7VcArh4byXyfVkVc4wkfto2Jg7MCqB37tjHpnyQ2snvfme7s9V3ieoyaXJj2m3ZkqkEkps1M,1884436160
4P7T8sKm6aK5K1W3pHk9CDpWcp1zBc2hJadjU7yyW4eNaAQysB2eVaArnCJfgjhnj1RTFQKwg5H5cQoSkv42BFkD,1884436160
3ZwvMRm4apkmCGxWep7VBMrZwguF2Rzx9z5Cqbp549a3A1ikMB9LzAewns6PgTXybCuFHBX76CEWc6oi3RSQ7Nh8,1884436160
4fM94aJet9Usxu3z7j7LqPazYg2pMHYD1EtRApk5EtPTN4RYmnDx4V5NhMM1YwbYXZku18AD7SP7Z68UjoVmE8nQ,1884436160
4qFgd7zgYd6rdUnv3cVAQYG7R47K4gPgjVd3bVsk3GYUYXhvxdAfSUwEvnugL8Yjo2o7RQs9HVqKLseTaCSHqtip,1884436160
UscEX4FDQH6CCUDuzN3G1YFo76eSNtT4A4ayhiM6q6xVHWHVHFd3xbYY3qCuc13KiJcqz9rV59dNsTz2BrRy1va,1884436160
5eE1DkEHCqBQbXBmqQ22bLLHoT9jJkfzUbhVup1BTUJbhNR9CCLqFBP9wZ1npS1ryynFJuFACZsiHiofJvRqGiAe,1884436160
i5A83TwoCQ1bnJLjAr84hhHaBCxhJf2phqH5be7kDWAjUhiCBSsTDMc54x7ALH2SMh5uY1CD5kK2HwdyqvKguZa,1884436160
4QQu98bfRuNQTD4ue1AKVEtGLwrepprnGbmSGEof9skvnZWm3szzpMEy73SVXFBWwYXMY9Kdhu1BW6EAEwRkWkDF,1884436160
2s2JeAHgpUP4JXpnhVPzT6K44gUfNoLYs8RJ9nAg9HnSUKzyTuj16iZcc5fekWipzNAVGf2KJsUHd8irCVF28dMF,1884436160
2X8QMGpAzJPZk595dgNTL33QaFknANwGAgWr6nGZNxqDN7Fswx83m8NAX4GJWaG1NNc4rZPr9CFHUsCXbMEq67Fb,1884436160
52UqZsTrpCJuY7Fu6EmQitYgFhJPara9zS6NjyU5Shozd723SET9Yiu9bHwrsoz1boniw6guGmiUrCapbqUfhCJX,1884436160
bsEdM35bbYDXTuGEMHHpubHiJuanhoqDuJC31GRssYZKimwSXNYkgfghuD4Qk6uf5mCJPs4pG4BabjFRCAJJ3HE,1884436160
vkfs2s2AFy2BNpqa72LGRUMjXYcHazfDYrih9CQZnMAcTzZZbjVf5zkbzGKBqBYcqcNyrXM9XaNN8n5uxQLh6bN,1884436160
KDYZgsCg9SkDQf2UukD4cb9jTogSpgkKaEPxNPK9vkmPittbCpkQ6dsLGCYuhUWBfCymMwjdBbW42cjwWmm4JfF,1884436160
bQZ86DabDMmo9cfLycRyzxPezaCh373Mc2MjyBMchztRRX76kEoYf68iZ2iXUa84RtNuzdYhzTt55vp7tmdb9cj,1884436160
5L3DjwkPqxmctvpgE3CGpZjhwaBzrxAkxQxYY41orDT8uHRGpAJMBTdBoTqvnYV1s25q1u7ewwzBfPhH4SrTZMKk,1884436160
4qbHS5WAonos94ErzecDAQwJTdiprznwWJKf4nugNgPdy7PCarsXxSqcBXEFs6LaRiiTfzxyMkneKUU43eddWRhD,1884436160
5YecgdmYhLxveMwTJukat3SenkmBKe5NTkxYHVGXwzCepsDhJcN8KaFVfjwiBeasuyE5P3EtcXYkLNxQQts6RZE4,1884436160
4nz1TSagLrMSGTTw6oSEyUj2DEWyw7VFkLAjiHGbeFnrh27ymCbnR1s192Zu9x9GGPXdXRQHGLrWxiCZK8xypcvb,1884436160
gymmLP5Cq2i6PWGNmxVvv59yZVQM8z6FnzifHUFrwsJrLtvxEFCVaMPFZ7ETSKW8nE5PvLRZVkAMLADxc3KdcgB,1884436160
5NqH9FDq83C87p2MuFyYZ4H3TLBnFfKfNEku55vwK7WT7L8XCjXfXBE3jUi7fMK4qKmQjMHUB6R7f3hMbrPQJiKN,1884436160
2ACALDdntCXfn1sBGMMu4oSuVinu2n8HR9SeDdNE2iUgxHC82yw3M4gvKFsjGZKaEhZnvL7xmszUF4HBZfSW3Zdg,1884436160
s5G9Xe7L8QDpBKgLV1bzXMtTuzxy24A9bR3WsUc2q1VZ6xpghPhgka3ZPrZ7CmWF32kDvxVPVjwEWfjq6tHASE3,1884436160
4MscDRap2fcNWciSfAqtuoFqsQjDpzVCTWCqRvgyykzx4Qku2RhBYiijEX5EdNVMZQfmKabuAvwZ2czk1pHSBe57,1884436160
4GPdsuXYdNvNtNThBVoBmhcEdDXTKYwfZAkoMEEbHpfkDFoAm6xWxfDaTPiNBKs2aRDy9uqrqSFQgSEVyFMQxm95,1884436160
3LCXKyP6yJzsHhEZzdet2xx4vy5BTe9XME4zUF8V2KwozZri4ZzeXZnpq6CrEkvjA6yYgXXd5DoJazRRAWwKj5rp,1884436160
2dsfco7CGW7EVQJZdoNVfYyzfs8zNU7SkfASFfK27CMwW6rJb5YKv5QgSR96amWkfb7qmoZvqiixmpmmkYEy6yx3,1884436160
2Sg7n7ZVDKaySEPb2j1wuVdHa3L3m7YiWDQqF2LjR7cbnv5uBcXgqzs1PJtBXkdRfuf2iMvFca4mZtXHWWyJkiju,1884436160
47uygsnp9BaCnkTGGH7L6tHBZaAtFzsqh3MCR8YXWqc6tWDeVAkGUc7nuCVvBpV1gnM7mWxo3MCxvypGQ5D6rkgm,1884436160
V5dewB1R5zvuTaKf3fPihVn3oXHyXqQAwmJyq5Bwt112Av3X4svDXyZA5uebN1Zr7N9iUFNLo8MoK5KsemzA7oF,1884436160
3tcSMwtB1fxLSUdNofNySsVmeiooq25eQfauoSodoLdwUZPZrjJEajvYYYn6apUYkL6ARRBsPTR2LRNmUdvKTsPq,1884436160
ehPToQ2HjQrfFhq9C4qeq1M5LDL1YHNAhbWL9suhgDnh4LqzHS2zDxvFQs5AGhkCtqbhJekX2Hru1fL5fhrB1q7,1884436160
2aabAvaRagvMqZuQn84QemMdFKZxwMkWd4TmUXRW6iDPJALyxbXWkgJd8HWq3cx9w2DvFAWA2K86siKNgWjwmprB,1884436160
2P5qkWnwGzwXk4WPYSMsvdLesp7oNEFSRbWGeaUekgCCYiGksYkL2XuWq2B4GBmYX51BpntK85j1hLFjwTxQmUPP,1884436160
35e8grhUgPgrJYNqE579ZKccZPjxyNdb7dffM2ZF2GA2hiZnyR8PBkENcZHp2ikSTM8v95ChycLKmYS8HpPBHGhw,1884436160
5RBvLr9odbVJrqybjimjqPAHK1GxX4YEbVAJhTJtxAbn9aoatwCbrmo9Apt42JPtirb3HfjFmuVQ1f6P3fpPvpkb,1884436160
56awQY4Gfuc6AorctNJxR6SUEpKPXPC2k61vikBqaYBAYfjSn73RecT29RpvZVxCo8njCFrZ6k5HDs47xkTN87Kx,1884436160
2Aaa5kgmA9HTkCE6sZaz5imPLi9GHPtnsWf1XkUR9gfJUoam4fzuciXYxe9mTGwdnLVReD59KnWtgrhSgyB7Qdw3,1884436160
6jV9TWCXTDdVkYpVYXpvXbzdZPrbmcuLvApRypkJ6GFtc7XYB2NJVX6CZ4bjiNnS55zXpc1cbYxBgKz7dW3M4rT,1884436160
5AN2Mrmnc5a7qsjNJPiVMLxKjazTzfs73Kf6cBjpwBtJwNxL2rxBtnaTeyE8sxhpJ53MBrx1SFAbp7N5j7ohQM99,1884436160
3vR9WkAemGz6aagi1vipfQqyF1W4ZroLpro5C3vf53oU8erHRarVxcvuu9eJxEmErJ2Kqbd3pwHsu1L6YTYZh7xa,1884436160
5Q23vhZKvr2r3tWcPpBCzr4G3t9YuFPESKX9wyCUDXc8os9x9niBUaLDWUSRHNWomwRnuddfh3EsLS8e6wUB7QiC,1884436160
SnK8ZAbgSiW6drLPW9cdf3z7WASF89pgJ38HjJPjGqJ1fh7hZrvNN7XKyd2dvjuWE6m311aZXXWFQNZQdZR4n6a,1884436160
53EVHuhvKonuW7u3ERA3ojgtC99yiJ6TtjX6k4j3DMieWEppiFndVNsk93RvqZrbhAUYEB95bJPbRuoXWeygibHE,1884436160
4bWJq72H2FB3rFt5tB4ovc8ex8SnXocuethDFNTcu1xrAgnQyPXc9GSG4MWBUK5R6wgdK1qRSqUkiKzJzLQa3tHy,1884436160
65ssCGzT1fdKJtomCzetkTaMkULJ9SLi7SHDBPCBXFzSHbKvE8y1J4JTuzECiRiCJAb9yEUivYPkCret6JLzatoW,1884436160
35qwZk6jCSnyjyb4RjypLCJVdC2Sduz8MoCxdW6tVGFJyDfhYpvM5v2cWGU6i8yKFabcu5bwysigDzUUv6VuuWV2,1884436160
Hiyf5MjLtBeTcfeaM5LcRWB4M536uwhABh3kpBBatnewujpMeVtsHZMx56ExVwSf224m9AU749L1DUmg6wKjwrk,1884436160
3DbfZoDivGZz76qzczJCjvsJ5q4yxCcBWz7LHVuEkTwe7Byczac2XyAecsBCzRPA3iMZrVuuaQHpofuxsFemK1g7,1884436160
42MMUGMdDxfe311iY35eq3nvw7caAfVrPpBEwVgMbMgp5rExpE5zm4VdRqLXCHNpPi7G8aAD2SGNESP3R3APumUK,1884436160
2kdyvH95SAkbAgr4oDbDMkJGDdwqQhMpHKHzBTthm9RokHCdHG3kUZNhJr4veHaMZZQGSKAGXTWNnEKHQS6JFU5s,1884436160
63P5MqBVHUpk8QN5CK3ujwkV1qkhMJQiBwrtGsaDLnX4y6vX6RCR7XPD58Bg9TCFcjKkfvB2AANVeK95fEXRocwm,1884436160
2XoVyQoMtXtSLWrkrdwn958sZiLJKFEkBrgK8yDVvofwJVqCfT4CmHt4Y2TM3ZNoenZyjvaB2TGcPVNAhqvCiCnE,1884436160
2JRsnd8trLuoKqwQvsRAnC9Q2G6vsddyposafpuJBZkybnUjqRALSP9xBw271QBAUBhL8FyXEmAZ1e3DdUR6Qvbs,1884436160
2Evwxw8q5DtpEt7aJ6YZzZrk91amwR5fppB2p1oGQkAdFSAobhBnvE9Uo21s9DB44bQjhLa7AvhYSVhN8fX914du,1884436160
4iVoVEtXLtUJiow1Xs7FdpYpcBLxKnBxmxaJKBtPnsmBQpMbv1uRqrzBi8U4m9EUV94SKkRuVTs3S2HU1QmbXJ9,1884436160
2VbWm7dFSv4THRvvhKZzpKm6NDB3LziXwF5iieP5dYDJStnSyrBCcQCseMxgqG2h92dWhDiMPfeQSkcfE38DUwEf,1884436160
2frQL9kDBiNKgyMYhyhAcpUNWfESewzv2NtD7Ds3HWJTLkQrci1RKT5HAbnM2uAaBpPxLNp61nchusCWA4Jbs91T,1884436160
62qMFVx1BAZpc2GPyPwUEtCBHpzT7ZP9Q82Umr3MYGsTcZ8CMeorh2DPB8zLfsDitRrcQHkJVr49U2avmYd89P9p,1884436160
2vGqzgdNRbcTghajkicLTCgWnDSiSx3XixLp7MQhkAiNmtitXaS6VPz6NBpnZzkWEd6KqVFF1T51jYA3KUh6oLEh,1884436160
66wbztiAcJMcdHrX997bZFG3MUxd1udZQ6ojjjwTi9vMXqc3dpEkLpvgwqHD3G91ipZr8qkbiFdMvPFgfgrkeXzM,1884436160
2heBQNDPKz7eCSUkprDxnURqTfZA7gMhNJbVNcnCugkXMcgJtKqt8TSdKADx1bNpLfsbvL39gPaTCk822tZsaBcp,1884436160
GVAPFpeLGYDTi5RgVovYy3GPAoSuTwhgqT4hBYVDgsbckyVMpEcwGuY5LbJgTcMd4vYTbtt7fG8suwZmrVJavxe,1884436160
w5c78CGtpbkJ1PJ1H7Fyg2ctb8M8M2XueCA2GpHGL2o9KsqwAr8Pcmmn3xFwRVVTVQ7ygWv2JJ48WbBktvjS9qY,1884436160
5wCUGHfX1V54kR4iDHpSkir7TdigBMyJLBeQK7d7PUeZCUn2yXYzpiLSFkwVgjk62itcXfAxb8yvjzeDcYV37nqB,1884436160
2sqKeuLzgBBPtDuZyjn7XrKowF2J5tgG5Qs5YrSMUUTPHbq7jNjN5PEXTNrSHR9rrtPkoViT1HEXrLN9tjbDndXh,1884436160
3qFXUcRUA8hZWyHCZxpPjRiCe7v3gc4CjsvzvYSFhKfNvoKKCbfcM5VmQvmCRWavsXBToXRsbecFC8nMD7dDg8UV,1884436160
2Ev8QBddxpzYXsyxDLtiesRuRvJJuFoCsXvEXv6NvJu2aFtWnvTUcUrW56SBw8Se9i1nNZbiSagGBqxc1CkQm4fF,1884436160
yaRxMBmmjFG8gVA2PcN2Kj97DkWakCJfxnCz7bDnTAuzeJf5PhxUZsRKqyZsa8BBVy9HywGGkcTcho2mxVzaao2,1884436160
5AcDWA7eFoXoV54xbeZs2CgUcVKzf89i4qqonnzHMinoqsZUtoqxAmw8pz8e4Bm29AXbB4VPKNXQ74q2attr6VvX,1884436160
3K3S4SswfZGqWNQ1dEegk8s11NBCPk1362NvKoC2zqLHr9Fe4AkKsZiGzsWi2VdtMvmtjxVawpv8CsWS9uG7zoJJ,1884436160
5cF6os2j9wtxVJEHy2yZCAYs3gadeQHwP6Kh2pujhWd4VLsCxFBnMeBtpCorDujWKcpFL61Ptia4txewu2vbfNGx,1884436160
5oShM34Z1hJYcQRkc5kNdqxWSqQNoRE6uXunpK1rkPnodav1Z7PpcprfYeqzmKBBDC4YQoTbgpagzqzB57aJouwN,1884436160
4trvwNnWRkTQNvGudEQ6GijwLmoyxwr23tCKUchCE1E2LDmLxo8aZfJhS8ChCK65Ufu4Uc5e4NfftzdytXYqw5jj,1884436160
2umM33KGiwBvmmnua18U5SrdkFAsvaMpLjMg57nNyXEHU6c3yTdKZkNfyTSFzrXm19bjC7cyBGJixrECnpsDBhRi,1884436160
4Qgp1JNYDvGLJJZSDSdDUz7bZDtQPGpqoowYTU2YtQyXsHzChjNwp2fphphTwzgPRG8Vup9WnVcxrxn4DJdfYWcD,1884436160
kg7kthuFgdDdpB77YxioDvsg8uWwiQVSKLjUqp3qKTrYMV8GzR61iTYGYaRmwJmPQmnk3VFmZtf8knSS3CZ17de,1884436160
zzWAXA7kj8JFHwq6XAspkT5Pr9H8PFPCTZKX8KbMrveRz5t2K6JcDV6UaHSfc6Ck2MB8SNq4PK93xgcDYDQP3tN,1884436160
4aAQ2kD4q5gLSaFeSnwS6iTRvkGi4MVCdMoSeJAiF7S5PkwpsA3ReyJuku3BULCGiKWdfFGGJbwJvsjtK5M4Wc9Q,1884436160
46bKQvWnXSheVxU4rYAJLox1SB1oZxUaeLHdYFAhoD1ZDfzbnUHLyAg2aa5cSdTEc2FUkdCgVZyaTYDEmTHjyAka,1884436160
35GqihvDcsg1qtfqcZnmrvoUN3syq1LyLdP5JPmv1B9F14oryoPRhWFCTZ7tFQJAGYjViAb5dz3KVkpN8inE4pFV,1884436160
3xXCpQaXWmEmnFnztJNH5m9feWtJdEiJv5fbtstaFeAvVh7PqrbRc4U65bdfeB2cUJbdFJycAPCq6NxtGVF5D3ni,1884436160
4PyAz4hpPkYigij5SJv4VZN7uBCTokavvEPzC7MXNKrEnXNdVGoQn2g8h9baFF2FzKZ1tEKwKs52CkQXr6c1uGKW,1884436160
64W9gxvYk8B4BLhPXqhWgCT5RjrhkuuHK9f4gHfqcpNps4FovtuUfmiWkgBC2me3EF4PmbrKnEAFKSbuc7UomC9L,1884436160
4ohQN19Hyw5Toy4mT7N5qBxiHUgZMKHZG7GRQyrjo6mFSkB32BPPbJAhApf6jmERv2jevkcRU11iUYddazTV7iGt,1884436160
MbeT6ZK5p8RJKkpjkvSiRjS5mW3ya9bPVxoXkb9Re32VYdGDsrYZMefpgNAnZo5WPsnM4yhAGfUimxgzPDDTA7P,1884436160
4j13PHkYfvoYh5mBBR47hDXUsWcqpwSbAwVYGDgKamFX3EaZAcvQYcmrQZDQc2jmNex4bi6pFy1SKEMU4fUod2xJ,1884436160
Jnxp3QnSKTZCxTTKSd2ecuYUH2m5f3sLy2amrjZtwiUW4QtwUjVWqPJTphgrivX7bHezjjV3VYYQ21DYF6FUjqE,1884436160
28g9MruVfExpYD7FTfzRzSnynsrrdGtXRwGANQGypjJQPnzdkJMJUH3zuuUPTJfrQu13aA6S7cYtFG5QWwsj9zkj,1884436160
rvMyFeQaVXhX8Jdq3Cfd95ykj1xdLF7bHDavpavX2BXxPNwni8TqSh9eroEHydUcFz9x8hGB7NuhQsdFYabQXfY,1884436160
5HKK86wuL3Ak8fKYJ6tmowZthwbdb1wd51o4nRx1yZHvBHWr61TFyZrph83xNDE6Z9fzCVshk8asWciU8cT4rj8r,1884436160
qpsL61DoukUJBzu7NAMAYEo24dV9ZAizZapXLXAEuKoC5woFg4AJYWc2wTLnNZW9CQRui1jgueRK59ibN9FEmSD,1884436160
5krvdyrAoWChQLRQ1o6s8Wr6QpB3SygY33ftMcbzRMVdaz9uWgz4mgqQKEeySas7fVHqopcC9AdKmK9x2kR8zAPh,1884436160
46m4jYzgJD8RCYsB5AYczjpAW7PdmTvvzhgUhphzsu9KCuaf8KuUjEdPiDYLNmrUEkgQtRrnGGkn2v8P2uejhFaS,1884436160
3N6u3k1bCcXCzCLL3FPbnDu9HXsWv7n6d4Bn4AppiUjR6gXEvYXVe3Jhqe1zSKuicKW5ToErf89FCYYpdQbKFX7g,1884436160
dBP5VC7QpFAqtwSQKssmXhLZcRUwNjRZoBC3mU8EdoxSc6kyA6VQ9yA3zpUeL56MHpsdd632oG1PP7Febcs4rfN,1884436160
ubcUyWpSYSx7FyjG67uBHi2JxroiXGS4w4KCS1pEahagPjC46RCQtzxd3SrQkNuwsNTiu4iiQkwfP2LjRr1uWQ5,1884436160
DA6qGV44hw2JYN4AM42eb9UuaeUE9qVYGN1AEBSSgtWsadWR3YGuSbfEVjhaW5chHR4YxNjB7jvQwYFe9uYYoHd,1884436160
4EtbaJZqphLQfCdfSQbR68c9K42h9rAJjhSrYkKDAxxNf7XiHb7HvRN3nhg21zZ1ct5p1gYsyDnrXPt7NT8gPc9L,1884436160
3LDKys4dkfZvJtRMiDdQV6KJ67yH6z1xnXE4zt369emkzhGm6xUKVdZPkoQ94g6AEDqDAe9yfGN8GFdSCHcm1eHN,1884436160
HgvP6e8YeHUMxNXgwHguL5CmHWVoAyaJ4PNrLpxHwa1szRXNQSGY2dnJ78gvLq7cjDck6vAmRNToexh8AEJZtJC,1884436160
qunRZ13oJM5FoykxrbRr8ifPFiwdihoQqjssPCMhGbkwwFFEJZdqpEcKsYMy9Bwf3rWzVJg48C7f81RB9n5hh4U,1884436160
HMMsre16QmRTzLnbufVHJqBKpP9Gf55GpUXimMokgvHrWwwjDyKcmiZjL2yTv5HzGdTAJziFEDBPiyFjj4wuQDx,1884436160
DfyzXH2SRkYvE6aTK3EST46pX4s6C4NXD5bCKNqHrPhDM8kzc5u8DXofupU7KLStjzMnmmLbssBwkiixtmMErPg,1884436160
R49r49Wh12yDCXU7CrjGHrxxJyqhhMq9t4Ja8ZWmYNuHjhqYVtqgBUq6PCoBEkdowKEmyzW3GbawinDk9774iKR,1884436160
34xRtW5o1sY8Sz78g6D7SXVWPR1kRq6pMRaCHXpLc7WeFQUjnxLZ2V4evjjWRQQ7y1jgmqvrHchLMH1KxXfKeUxT,1884436160
2bfWpbQCu8ASJjRrkXXuUVXBvvP6q6GUndTZCFi7XeRcEnGFCjZcKhMJvzfZaYxg3a55A8KPSu3AF2oykoDbteKg,1884436160
4uri2c2ZyizWLX4MxJUzbEoPq4AxBaz8FbSv1RYxQL8u238PG8y3x3aqCmrWonxAKa67iYJo4K4pCRXxd94x3UjS,1884436160
3UC64ZDe34fLk4cLPb6NbVWKRcvCMVa2vZnHGUvMwm8zCX2ZASsHcp2wcihRiEdsQqWFVUANzopnZ1zXpb19fnFT,1884436160
5MsJSCrLi7jJybGqkSdq39nwPXw81LfREQ4YgRsexwzN4nbz5J1GRHQUMHHCQGd8XNQuCLnJRJeGfSX8M2Bqk7Xr,1884436160
5z3sLH3UQvoFSuJCxz7aeoa4VcAV9gjYnQXDpeoHCdprvCyCvmRE12Uc1y4JMFDWjHt3c7q8Qt8hpGE4hLLBv1Bv,1884436160
k4sNPGQ93J2BwADu2XWbqkyw6oARgLGTKkFXNJm9VSNnBJMF896yMZjShD7S552rxQfnFGgitvzHfGmDYzx5pNs,1884436160
42NX55KiteaqRHsbohqj4uCUHnhapHaPoyvj222qDjvx68qctSezJAWFF3D3LGr4BdUL76E3p39HfkvfzGcQaePf,1884436160
3Hm7W4M1wsUb6RwY4Ney5ev5RfZmRycekCTy7C6PT95V2FDjgDX2otqnfZbpTKkWxkSQCFA16xdtLBjdD4Swwspg,1884436160
2N7WUkPQ7t4S9dj3WN15XXwPJgR1UE3nHkjzK1wd4p5w8KoTod9HhFfX4QxEYZNiwKjDbiXPUDTX3PP3dvxZZwbT,1884436160
5QsctZVpLwhP1mbj57v2otTbb3xaXMiibA9SJP17EtR16tjeGZtkTyUqD4XDYHB4YJr23rfBx9gtAPJruXMqb2ek,1884436160
2f6ToDk6ab2LnAQUCaukExeaVqm4XhGT5Td7jPPWYBJqdJnw6xyhHza9F4SSfkErUQ4eZGF1TpwaUBEA7vJ26tEq,1884436160
2uSq7a9GpxqR1oLjwvcvKBUt2SPmaHqberdkTcCLCnwNsKdfSFbkDLPmQ55xtc3FSkaq5jr2MM6DtBvLyL8Bnu5A,1884436160
2RWQHhHr1whwupxdHz8KNzw5QZMj4uwf636vtMnXVhXZpyxip4cnB7BFKmihaSrKGLT8u7S7JqbMoxK6xUvuzfAb,1884436160
5TNqShrpyvcA6LzEuy5NywLtiM8wQW61Q4M2bpPSgyWkX69tMgy2q7pZjoC99zWAsNwy3gaeq8NCSP3eAdqJSFxi,1884436160
1yqSZw9iJZvXcAtpfkLMMWEZHh3ThHat6rttoA5GrKQmQAwKad1cBjWcdVmeULzjNdEFqMbmTaYdBNi1ef97a9d,1884436160
4nV5mxnCvjP8jc7UbDiqGF2G2ZV79tgRL9r4fJh1MFyJ88tnJ6Edtst37FDMZi8neQiZQNJ75reRWrGeJ4t7WEvb,1884436160
QKUVTrUaJTrXkc8ueqoacRyKGgJcVyYSfENQPFhCaT4SgQsz8i6UykWuorAZb5g9B1ktokPJy6QRqBDVoHxdLkE,1884436160
3e63gRFqDNTguXQ67kBR8aGmqxz9b6Ft5QmUPTcM8o6QW1MukrTE3YdjkvTiXki2vCUyCM4RxQV5UscCR6MsRpuB,1884436160
43Z3C2EYykPts4pqUzgjFmWhSeCv3eLP8JB3kHniP35nGqDXsLNkuTCEqNd7RVV9Q5vQKBHHfRYV2v7Q2M6K4Mm2,1884436160
53zi8bVZLPui8fTDK5VX22eEuPBbwjEMudJXbQkpYz8JX4PVEz8RPZn6McSQmfBXez8Y7G3wiCkcjvKViagdQ5si,1884436160
5JpqtWi7YD3HsQRT8ds15U7grHeHRQ1MHq2cH2Hf7AZfShPVbX9LzJ2n1XQP1oNdjHdCT2Hai8L1yeMEZnEWQGYR,1884436160
3QUS18cskqfDm6VpuVy2u4zVSF1SDFuZu2NgeMTGKp6JPfQL3fddRis8madjj6Amxes7SP8ChdCe4ktSryv2Efga,1884436160
2AyQ2PKZnmknBNqMcwgZE5b67cRL8WYPRh3mAQDh3asFjKuZYLZTqtH1pFYQd7TBqAqFvFXJ2VY653vg5dHtQ1hw,1884436160
4JegV2eRQfKayvarcNpx5anxpoaeAPWmrwAf2G3CMw9xUGHFueNV2WyCYbvkZC2jMrT1JcdLBwoti72oNLExUntS,1884436160
3LPyM9U7KWVdxy4Acfvx7JJ63QtvkvDr4SAmeH3NeMNJUBHYEoq2E8mgL9aJ1nWZrtDkxyfycFjsZrBdqjNNy6i,1884436160
4TTUUpwWaqXmvRoEFaFbjFxu4yXwYDcXvKkaurGju2uyAkm69p8dXoNwGK7m8riFsa3aN18xjXmCux7cDYUBgav9,1884436160
48irYBvjtNZ75Yff993dSjTyXwhqiaYVCVwrmwYx7HaNu6N7e5uD72ynFCHmCGhUnTmEDGY4FReSQffTVMpdJFpc,1884436160
3NnETW5tAoDxGVKCNNJG1SjV73vxo4gD6ZZ7xsEh3mK3wK1sq9dqk5fzRazxgaEZYKpruK7Q8hooyqzRvjjBg5C5,1884436160
5pz9zWNPEq9ZUaFHMJSXrrVdUqhNWLKAAvvCxoSq6GJLdV2qpgit9QuuN5AGvbcv8oGFQeyZXi7aqL1VMDkWmFC6,1884436160
2KddZCY56txvJ4nzJ4du2po2rEt7RcdoWrdAjhZk4wZGVtcHZ42S6MfmDDeyiRBKfquk5ahjrnNDi5zpCHjYiuxd,1884436160
3DGe9BKXhEDVHi8kZy1TmPrmffR1Zpi1F3aekNmHVZgfKmLi86ZakJv5qMH18vgzCXnrJSaC9mFQYCWDdf7CCLSF,1884436160
246Xrjxa3nU93JG9wgVDEQz5owWiYD6GKLnUffW3mhiiisecPc4TnfnBv2ykmGnqiz56rDdtZFiHuZY7zxxGriPD,1884436160
3m3LR3UZVmJCuwrS6b6KEr72qZUKggiyBdpRBCuaSVV3WYx5aswrvHM1QjhyoD4u8sMrmyQCTzzuKayJnXBQpJH2,1884436160
4hxyNptHeDq6B8nnHsN2XghjMaRHd1c5sK5hy7A6SnrSoyqovFpoQjxpuAEoEJwXxfALDbmWVLX8F3wuhaj28D8W,1884436160
4E6L7CN8jFGzcSxm8rY97KQpUttiuQFhaodFgnVZSnAvrdR6UjdtcYEyySqnt67Ku26HzabgQnsR4vX5e8LngjYQ,1884436160
3yxd7JvDo1yWJjJ9s3k7DJCA6nmKazEvMhEZFeJgFJG6UVsiih7uRLA8TSt5oSWvBBnFb8M1cs5RkkTuTBYQdbrz,1884436160
5TvaQzEn32nRXaTMkYXVmKFDoyWxeo33d2hqpeNiSZNznopyxBpxh9Biv4268FUtcVczX7td475JSQCjKpjQMBAE,1884436160
3bySuwEuWDMA4L61hyJPE7idV5WThV78xHe2ZVKWoxJYmceLZsL13sTJU86FN4vUZz8En7yjeVJdeDoQj3FK1d3d,1884436160
2CQ3SCzqbLv2hqzwm6Uf9DsCm5mLX1dXiCsKWhZ8nw4xE66BF5ok1vrAKroaoqcbwRZrEqvodNxGubVPWuHdABBx,1884436160
3qrezbiUNGuKZfRNLtDU77p9NLNd4GDTfr6eEzVG9QnciSYs5iBh2eXZDvTG6gsagEVuFTgwZEcZwkYSfWBf7wWB,1884436160
2KkZWcmXRawuz7Puax4Yej8K8HkvrrfUTVHwq7r34vMb1BA361hpb3WEbeFApBv8k8QNJZcSE18WAYqMxkrGUVPG,1884436160
2cJnpCEGxzLM2VdyMkCT7f8WTKRPuoxPNfGo9vPdWAuv5yXPQpdVqgLcSCLg7NkFWDJkW6w2XUdKXVM6BYfyBcaS,1884436160
4rrnGQkQj4FJiADNKa7JFikL8xzjz7AmadrrM7ExRvUaVJk5xnezvpaVEoFuyvNbasH6xg3ezfUYttpHckavtJeQ,1884436160
5MRb7FEfFrnREHGjYaSswbxrgNGzynfeaSyCrwCh92cKUiaNKqXXqz3wAh1puJTeccUgRXHj5ogL5yLGJVFGjS8r,1884436160
JxxCJKobipyRH16pAHZQbm5cnJfZAc3qQKtVEkk5fm5ANucDRdZjaFJB3sPpGeqGA9x5QY2denXXaSjLH6aFYbX,1884436160
432D5eqqYyTuBGTD6rWcWsaLemSUAcCD6Q8rEK7qfbGmjAXHVksMYF9SLFZsJaBAvDMQ7FSAAErmbC2Q2GtrZmou,1884436160
XP85LQmmNADuNm8J6nuKuTxhs43QNYcAc2UpELcWNpfJekhLLodcSCosabssob4fR4fZYuv5KTN6fNjVoBRE8bE,1884436160
5ES4SiSJvyXaKhnX94qiGCRNPHmGvd8JwTF5oRknRrs7aQXNMiWPjVWQrk3NWm9nRQ5v7aaVaHEzAJJYRBa8FkdL,1884436160
57nUgt3GEbS5hR4vsXTY6JxhdWwyPrmfGATqgVC17EwDoho7CBMJm84qFYpmd2QTHfTU9apEpabpaGnVNa2qz1Wp,1884436160
27qUv8hcFdn2UfcC6mPbj9zEPznYNSaEDhxy2vksSrEePwBxxfwfvFxiffX3wcEN9wCyJV8SMiHjrJExPfEST2tQ,1884436160
4yD1Vkxh7Jq3XxLSp9ooZ8gHWUkMcwxisu2Lit6jxkeTegxafPUqe5Fd2yGqv9Rp1T4cEaRJ78jvzTQZFpqXz3Yr,1884436160
4C8gwsvnihXJTZeP8oJKHwgmcmHdFwjrPTpgfpdT3wVeqDckCUu4JMVU4ywFMBq3Q4BGs4zKTEcLjY3MZTvbpdyk,1884436160
4S1Q1ayLbb1xof3uJmnENF5QafaeRQojJHzqNnoL6ruDUhiwubc7v2CjCFgBBPFH62cdKPZzd4XZVEK7FZdN5orC,1884436160
2gZY3zMCWHhQrtpw4nCdPTtPc8Vf5iBHwC1NatsrDC1DeRmLGk61kFTkbiwqKocdzhgdcs838ofjvXiwvvRuDvMp,1884436160
43EW4eqfvTj7vmq1DML8WtaXQsvAF9m3Qp2xq7xsZ4cfkiwwHagxpajUw6Ag5QWVRWniYzeP9zERxYSPA5y3Lknt,1884436160
44gpds4uLochSdNDeo37r5epDJBZJYxy482wWtGgkfhfubRpukKymS7DvLe41Zp699FMyGaiRXLhWHa9vymAqRaW,1884436160
69EbkGHq3pFRz15ygMLuGWTWy4aXrjXn4ANStswiF23wBdJZB6LZhWsbVEuZab9REMb9FwEUHDM3jx82BXBvg9Q,1884436160
2e1s3KA3g2wyCEVQeW2vYPfEbvJbiMbwaBdoRBqoCjpJ6psLs5Tsp5seCcBuHj78b3sMmQa4wmLzF8h8uPAoXemm,1884436160
5keK5628z33PW6pnxdD9xTmvVeGzvg4kDVWf8kqwkKfAKiQ9Dws3v1C4xFRzwmQFEs3R4qYNt2ckdkK7jWTSY6Bg,1884436160
5YBuouAnYgJtLTiB19658Yvw9AFrH6k7USHnrbDFhUgrzutXNKfMZUQoht15reSHDu2cDVeRengYnHenFFYFjueB,1884436160
4BYzGbuaiABdXtQhDNfmvYzLS1yjNgzH6g34d2BSjXbn1H3Qd5Sn2sE9gxm3YWie6KTccX88x5nwXi5dVHwoFdrK,1884436160
2SUeLaXW8RfWrayAGcJq4reBjCrza55kpkpBC5DT8YRV25iyTdyibQXFABV9MBLNtqeVd3tgrFzC7kotXnKkNY1s,1884436160
zcCga2VY5wdFxno9DbnEftXyxenf4AJb6RgGf6ikEjXHMFS8S4G3YuyXnbVFtG7kfXNucJC28AMAarUyPfXiBPQ,1884436160
A3cFNho42wEowKz8dJFGGb7Xoyi8SgvP7YfEJjJKGx1j6pt18fHE6EhbS5CackXKJx44h87TVbVjy6mna974RmV,1884436160
4gbXw1CcDK34YikW6kR93D8PBQT38TDLP6UP2kZxMNxG7zXo4yHrhFMZm67tZ7dN138ZTgacLALTNND31ihsXRRh,1884436160
43JpLt8VUZm4t9JJnat9uyQfiAjSxZ1esbbyAt4NiuXVNG9Bgis3EMzdJwzX5RXii7cUw2gdfaeRkUPmWiJ45UJy,1884436160
3JRF4aLajLhmsNq7tbSc6PSqqikru6MKYG2Bt1pet1p1g6NCvbAMpmmuMR5ZW5BKHXLJMEFfvLYC1p6wnVbAKBRG,1884436160
2nPmPuqksp7TxC7SMrQDELR4pe2Qwa7f9fu3doN4L3MtPSKagM6wpFZBSrkejFRMzT7Ma6rxMtiJrrFRNYAJvGS3,1884436160
jMtJBMhPv12VxJT8jgCtREYwBA33uNprutNp3U8LHxZzFuNUsfDehe7kS3LApMc13e1aDWCUek8EWqPLA6uLQ8X,1884436160
cbZuQxMMjhdScbA2wKbxGEcLe1JLd7MZrzwEeFNxQy6zhrFHpQmzxfK4njosxGxcwYH5KGGLmCoR4YdtEr9p1X2,1884436160
5BBK659ypqoK83bf8tLmiH72XjMAPXWQ54MVkUeGQJEgzhAv5PC3xvNgu7z6p9jybPAEasMEguKxA935okgPx9Sn,1884436160
2CUQs3xRMNrX8RyFaA5TPRjEHjNWksZGV5XN9DAs3z5otCc9CS6tSCcTxW3FJYsRt55UDvJ5Cr8QkovosQBT2KbC,1884436160
2cnCkJPqiVFFRoRgZT54dWwaBHuU68HwhTi2Sq6XuRioUkNdYumeqyvsUSknM7KbhfaQp7CSoqS4q68QL2Gratiy,1884436160
5mTJ6v2EYj29z1BXgyrHsDqTUeouTp78pSdZhMgjhdN5PjKfFdaW2o1mFXKhXMgeequboKweVAyvRKTkS6XMsewG,1884436160
nB471aMVWozQv9iAx2sNePaADDLapPYMHZy54HMvQth76KGjrYVc3ryLo8JdMzHW3SSTAEQapuVLodDgr84GGUc,1884436160
67A25n1sFbzVZ5aQnxzTg1hi4zwQ9Q6bmrtE3vCKAKgmmSEVgDs1yhc537FzRcuoN89EJw8JX1M2uqswE1HBn3jE,1884436160
3BaoWCD838p6SftH89oi1WknvERnHXWBrAnbqT4iqJBhpQUXSBetq9u7e1tsmDeiskmH2s6jyVSA2k2HoDG5tNiz,1884436160
4aWhhxrFY35NHie4T9WodwbSjQoLRU8gH3bWomqHXAGH6GDCpinoiUHPigSr9ixqTjk473VGVJAZLijYMnjjdgDG,1884436160
DdrdaAqRAPbrJHAGxVGntFq8mZegnT1RqrKWuYfB5SaX4yeTBcjjAnsf7YDf6fAeNCgyCpAcH5AqWZmqQyNc3Aj,1884436160
3DxVdF1fWUGZ8NgbvcPVFvxASaahPZ8dG7frfQcENYwy3bxcMPrPT82yX4RRzhWynxSC5e5LEAwxfoUniaNJ4RnL,1884436160
2RnNqt632i9FKuGwyeBvRd6R7mx7g8oeLcKJ8wgT1vtSHCTohftYjC4CiBvsUi29vYZzfzpa7ms5zwcAy9rCB11a,1884436160
2T45rGwxyiceuMhDQ2knriyR5ckk7vmDMTYeDr5az21nDg9QPTM9mHWVKee525f9y8PBz2t6dScE3UbZ5iFTvRHZ,1884436160
7qmprBKSRRPSSGyW9qQHkuiJv2k3zHSHhW8SmA32iHnva9tUXakzMWHhCHLF9HeufKgEEG9BGdypTwJekAX1eK2,1884436160
4ba26Kt1PFCq1p6oLkYUG58221pXKMTBv66Qy6UeCz5b95TLGdvXsjdiiF2daeY6mPeSzhdsmFyenVW5wgspQyWH,1884436160
3QDv9LMdwJDoXV2H6MdyM1jsnumrBX8MzebT5BdvMr4Br8qucvBPfyF2zimQ9fuUFd6XpTbxUbyPcCkCKZDendTx,1884436160
RT33fYQrUp4b3msmUJBtiwBacNyTzutAczy5uuCVMagHbbBzWFTWD9FGSL7gxD3rKdXxaWef1KdD3X51XwFXNnG,1884436160
5npiG8ya9hEerp8bBdpxfrAmgTEiMZGwpzpDWQ9JtpoK61hUn8xBjApprxqppx4X1d6P3aJuymChMzLboQVuJWk9,1884436160
GdMHR7oazABECdFeeVkD6oeknzLZgzbBg7G826eQGAhs2fzXY1VaVjbWEHeHF6He5vLcLuQpmJvUTSAToX8ESyR,1884436160
34mRZrpsPcY9oYcrrhM7Ptmi93KAAPhmnHR4Zrfn2wF2UmP1RREKKHeLY1aWWjepaQ8iZYntvj4tEiBR8jA8AxbS,1884436160
1woV9RDJocwX3xs84Raq7aGpCeH6j4sYaTkheaJPsmf2d1QQtRsn9rSws8ox5nvbgkaxPw5865weop9J2QLRy5q,1884436160
4kjFfjVvKGyEB2oUtCzitrUJ1tKNRDz5EZdgrX9BC29jX7gaCePfujMfEuNn6sSYamxW45aE8LW7iacnB3nxwQFX,1884436160
4u5E7gCKMsMDZWU8U5mbZtL2YE422BLMHxenri6SFxVwZCAVFdw6ASEckpxSBiamFvUc8jqc5GhpscFFVUuBaxdX,1884436160
39YNrmg1TvySKNXpynDWYGeWEFmS2jjVvBPKW8gF4YcbJkD7JVTkTfURBEt5SdnR7dbjWKAmbbmHZ3DZr7uNTBWv,1884436160
5fZsppgepr42CQaXyieHSucGSJ8YNYkUxnajqmo8EvjPiTXmtWkU4LpJS18qeqLvrW9cx9fZBZ8ACuFz6GLv5ZLd,1884436160
Q1RYQdUHuq6JTJt9gyGTWHX5xDGvH4xoKjdRRoKTdPMz2Dg86zyFaTbCwtzwzHpV9tkiBM13L8Aj2vKH3aXLw37,1884436160
2NQ47a3zToTT8LxygvGwkkrGMdtcoJ68FckWDituFGZriY3BgJ7XTzif43pueiAYcCGyUw5ewNokXpoEt5eAKjhN,1884436160
5eREWJUPoHbdA2KurQVa5T5MdxM19K8aC58rAh3tG4H2xj9QWjMHPKJpHF2erCssGi45JwKJeGg1jV5WLGKWCDZF,1884436160
3pWV3yLXeFofsttqcTJDeKigGhhx3FP6731etUvBj5n3ftdYrcrs2gE9mL6AeuNDQzBYNUWK5EvATVwD1SJq5fmt,1884436160
BAvWLdfkTtpEotupLNSYoqjxkymcCKHS1rxEBXwnsyJbabjf2hd8cGB6zs9ESp389VH5GqKyQopznMWzkF82nmj,1884436160
ugGWRxkTpPBg1gJWPEJttzmw8tn4sbcfoQrb69LfcYcSxh6prgJfPBZ6UnQD3e7PZuMaVGoHymfD2XgDwwLuWG3,1884436160
scMjQ6qCLgL48Kf5AKGrcRozNFbYRAzdKCA1bX7TJRSNccLN6XR5bVYvzNSQL4FcvrFY3dTGSFHhLrKAKdENWQk,1884436160
3SZy32U22r2TP52QjPS9a9XzZtgZVjatjEHBBXZGJ7P8YJPrweD32ohi7F7ne7anT79yM2yRUZXU1QNjx7mAeuNb,1884436160
5GXsnWnnzDmtRCJCRs5Q8W72DV9aRip7GMk4gfLssq2Q3k2Re6wRk2mY185joYjuQPu1htVe7VSWH9kNNtyyugp4,1884436160
5NgsgcJWFbXds4iAAmNxCuRTMeAGqzYTM7yueZBMV1CiZZXZM9gRFotwNoyb2EF4F4BFSzyr2AgiAzNB19MLS6SM,1884436160
57LU2mK3q3sytBR2K5NCL2t6KY72mYCezd4VVG28arpJxJzr7UdkMxoKLGkf1Mwq9iNadBVRodDAwi7bc45PS9kg,1884436160
5pJKqpYu45qvxD8A5EqCRQhA4iHCYw6dWba6wYEMrhhvqmkSnC9e3q1T8MahVFuNmd36u1swL3P8kvNdGdZ4nsnQ,1884436160
2uYZRXwiSzkMQ5CtESa6BJn9m3QffMFZSFBuLJF7kzvuinUG4V6wgshLChA1ignPzMQBkdgKcBjCbUs9kn155U3h,1884436160
dDzTd6uHbvYRfXKheq9QdaSrpxBUhmSmTmdzYXd12KEBHEocfJNYQ2V9m4vBjMPeVuXzxoePeE4rTijpC5wzC7Q,1884436160
4vjAXQ7p4m8td8TrtBnjSoAEnVw8HVRrBraRZQrW23bokyN87MnN4Fwu6LtfZKQUJ5WxRcjdXt2FRh4C82BfMRYZ,1884436160
r77y2opwYD8z3at8vZXqzmbE2JZ6JLHdSgy1YNnXgvhMPJNsv1BwwC3gYbpqSQppr9fZzTLa6rfK7LN26AfSqMX,1884436160
5u12qDAGstjYCVq7HnuNyK2iPDAVSuoxzJHL3hWwbFFQyFxnHBMfBGgnwd46txtHhEW53FT8PZ3r6jtEaXymNDZB,1884436160
3b1PvvB9Zg7zcdxEEQMY6WWsjPQYLXZGP2W8q5ub2BQtw9oQfsmLLbUVU7WMbzP1dYa4ZLP7ihZjFeAQwpTrK9C,1884436160
JL8FKXvfLkZRQRWhL2XpzNwx3j6CCDxdRgfGuqXokj217ikcitEsqNeycjJiH3YzBL7BFWSGmr3rMAAex7VWJQZ,1884436160
5b2APnf1WzVebx3H14j3x698G2NbeC4NrcPs8ouCogtaAd7mL61VpAPzjVqMGFjvon44gjfrwFA2DVVwUQZALgfc,1884436160
3hGp3GLkwdRX2tBX6BdvQiPb4UaXt27Qu55Ke9Ri7EHDJca2kCVPxQq9g42WMPcLs4zHbJVxXw8EAsHL7UA2njfH,1884436160
3D9jumVfVqdsoxgSsTyLantjVuZGKrF3aRhjvdb9fyMDQSwMgZ975Wzc9Q38GUsnNU5KNMCRUZGYC649L8oADLTC,1884436160
4sc2zbATYGJYQ3CMarwxNbqoapcCfGTHYVZa8AMkBACokA8KPuMBKnzT5St5tG5T2ooZd7hWH1iPogGkURjYLdUy,1884436160
gdFgVPwoucYc9gsLT7oVNTfboVT8crG1cjNCKQHHztPyofwS29gjh9z69iXqdzSU19iFYJirjNFFBRGFrDkqVF2,1884436160
62mFp8TijLx68GPqztUWGBwphjnTfFbSVKLCXH8nxhg1pdsQ8dRMNSj5Wds9deLyuEZHax7g8a9yGviGJSuVVWxa,1884436160
4wzy6T2T2wvH6DdZG1VzG9HYmLuC7tgzkPPGA15RVhTBzAH1JpgyDkxqrF9ZyWQTJ1M8YdzmAJ2apcSL8pQfNjuK,1884436160
3hHrg77C5AHhrmSRtdTpLeq488rQiY3vRe8RLxFoKjFsoJuzTEoFCZVVNuhqcJScHPukdUeBppqmJJ6skRFH5aRT,1884436160
5wLCjawu75WSDyQcQseqLNtdnKyAD16g36tMRwunzsMDdWtscGgDafhUcBddHiatQLu5DfBqUFAGpiEx7LWvdL7k,1884436160
6MwubuAezAPdYjQgEBzqrk4yn5XetUt3Ugeux5eQLzQhNj3r1CVMUFsDyTXRM2vwtbZjF3PhCSyUpcEsmEubv4r,1884436160
5Xr3Jh9nAbuWxx3tTwc1WD9cm6t5hiQJ7VbCZWHMPjeDXdMZMHn8AkNo79meu78riANGs5ZrpYFDDrJSyhyWNMA,1884436160
4BfvPPFGSAKZotRbnvQeRaLEy8AwGEAzxxhMBBMsRVtK4edhg8Q5RetrUnen4wTGDS42mRhCr9P5eNBCm98pYfLx,1884436160
42LwBukoJK2pJRcL7MSd3x9pwtnzvoRtYFQSLMRYhMQ44BdZ3NhUsmCsHxsPNQ1bMGBwSg4jYoeGmCy3ZLVzKmvw,1884436160
Pd7QBp1Ra5m35CEfQUa2t94X6N7hFe88tbXwT3fw3Ff8C7ZfmiPsSJf9NAh9JrtUKRwtftdJoozdoo8YsC9562V,1884436160
3eoA8qCi16AMhLhbdi6yBBpMZkxEDHUeWHM6GSQ5v3RJP5aA7MimTnhqqPrvig7QcwTeQdoYuB3bYKWFMu9crXXt,1884436160
Rav3C3iCtqszegCMBYhFmB2kQc6zmionRdmPCRD4eXS5CzHBLxBF7rXaZxAnS8b2FguCPmtvCoXk4wxEqijCHdp,1884436160
2iYBhYgyJJCkqmDg7ULpzgZuM5iwMcX4auraLBWpmAUKQxApBaYgpM6MdoiE54pBjh9Rs1doFsEkJ91yf76dw84J,1884436160
2wEYof4xTRCx4FnMoNXRabwAzoYpEa9jMK34b7ciwpDaF1JRtswzDUB2tkNqaauXNS3FKzrBmqAbB1jRWCHf7A6B,1884436160
2Xhoc6WuL5npim1tUBHXvBbr3L2kd9GRZahGhzVitWJZXesrASmNPRFcJRL582YjsQiv4xBbwAGxZT89UHudFqNP,1884436160
2ykcyDMW3EsiVQDWShuWr4wh8L2AWbJMHKb81t1GSPtb1J45bB2tf8p241hDXpyt3bCsFy98HFcjRo3kWUvzoEzj,1884436160
4vfeoUBPPx49YwzS4fMQ3yqEXJ6E1Fugaa93UE2wnteKrJZgsSxLj6fwqALW2vtDouXtqUJASJd5vE3iqy9yDBUc,1884436160
4NbPueZaVPRpqV37wj8BDt4gqrSzTnTiGa8szcjEdTDoTTpRzeYnH2qaDHsX3PyEYSBcceHFcDPvmYmNXm8D2FHo,1884436160
4YA7zSas5i1zs5YFBsLRsS6DpmstVZ13APxvq97TMNrVmfba6Qu53H3TPuFwkuUWhD9yVtzkNeT63PvVfxV5wpBz,1884436160
3CQE7GSXZB4evWJDx5mEa2A2B2JGerjZqdfBxwbzGSnY1MwVhb7oGGuLYaojXSruKUgw3GNButMJeSAjmin6w7Tf,1884436160
2KyKU1FyPpXVPEt7d6RykiGarjW4kck7ha1sxgHsu6CJ7aLUbgjP2e2RHNB8RsBAjHuPjBThb6YevyvdWhJUhCeH,1884436160
5i3P7GBv7WwFfpL3dKQxEzWr1jm5eet95nW3iGQ5javSH7vjLCRjjHeJLtWKq4jgNXrJXnNPHAcUoDoexxYYQy9j,1884436160
5ZvDDmSezTFrYkgq3krcFyek4Jbf1Q9iNqTCN3noHNgscsDpbLbrtjiFw7kSMeFoAjpz1rdwdPjLWz4KEEw7kM3q,1884436160
2FtFdbNwcPfrq4P53uwkhBptGNgs56vTtP2xk4yGB5HjCQjrXkdadwuxRX17S54d8KgbdTXiTwXkGrJ2ukhWdspb,1884436160
4K8k5WLLqvbuHD8YNx6VMeQMJpwfGrTPbgsrjuXdGowM7ayoP9HnNcLHwL8789FL2pezJkTVKnXFVMeHWhvV6tjt,1884436160
4uQhZA6xJSZPquvWA28nEea2qh2RYHrtuNFYVDTvTTYR1e4r8wqntef8yPH4DDRXvrV8KkTkwfDzjcyKTxv3TmyJ,1884436160
4bd2MimS94rugVv5u7rwHfWjEMryNiAetJ4jbWiR4zbv3HeCymj5QCXUJddgXkZnJcmh9sBWwAFBi3Q5iyTu8nWG,1884436160
4cdiGMw2XAA24dCRfnEHSHTMrtM2wjMuz5jeafGNBXRdVgqtLFguSvbiHjADJnmm5Jw8t8qoiYjAqXLWLKVuvEKU,1884436160
pUovwwBarQ31kymRiSFMFUCZ58KP5BV9bbACKpxFyZkkvwTimRBWZMxKXniU23qeLSWjq1i4U5t3L5rsX8JRsL4,1884436160
m8GfGq2vEDNnqACwHGv4hf6Sw3HunrWVRb9JtqaHMrgBFFAkfzjjnUWCrQU9e6oYjzhHSwXL4S68i67aNEHgKxB,1884436160
4wJa5BsQGmSwaUdVLweZjFWiYPf5p6c4Sku4p1Z9wzNw1z3YaZyrtBFtXu27pbgUho1P5vaNvi6HQG69DD2ouWs8,1884436160
3n9CrMmsXx19NweuhVveiK1Y9EaDvS4ubyXzKT4bLEmQBgwRvzGWVuTRXqyZGb9CwVmpvfw1SxQazu3TvVTDt9Zp,1884436160
2hLkUVZNjWSggH2ZGuhffMCnTfNaz3ePn5wvTZV56xUN8QyhMXdqkWqqPfHy4gBxmCh5pR9svsTEvWh8LNGPFAmT,1884436160
2Za5oD7cTqHNTUGXFxVHd7vw8cHPjryot3KzjJccage8c37G2eUwVxAAGXzCXBjJ5xFJDqPvG5AHou5ye9xwLyNv,1884436160
4nvNpU7eAQ9H16RwWviwendEd4dBpt1cjxEgi1TykHAykAWcA1eyXbs6fNDFEAMSZ2hWZWu39WgWyp1Vuuzy4oqR,1884436160
4mD7iPM3rtWeZyHG2xUtRqaz2bUbKWoKrLhjmqWXRc9joZpJJz7HyirYv2DL1UB9kPsQGHxK2GyxinwzJ1SJPiMT,1884436160
4fAVBnDtn5CC4KZmZCqFsVn983bqCPpeRKioheLHxJgxquXUMQBARix1dYk8jj6ea66SCneZ8PLFE7iDrDtUbJUb,1884436160
3WSnjHe7CsPRtyPaaU4amNWqhTT6kR5pAxr9JhwNk6BFJ3TYceshtsoJs4Rdczj7TqM1zXAZqLZH4G5PS4bFBLZf,1884436160
25EuomMFg4XD3MoXE6WGqnCA9v7gA7SaeF2wbWZnxmCW7z29susi5zKhTZgmRi6oiBA3u6z8mckPLe4aFe8CjFYq,1884436160
2DoLGx5Xv6yhbGc6nDfEWaVdpWx4TBNoGRcMX8ym9VRYxw8SEgFt1jqWDfdriEfqAVY4YF1HHadCiWoDxBRwMvmU,1884436160
4Pw3rHaCFBZQ2GiGuybXeGyoAkNRbvB1zRK27PhvKjD5B4pFdy4VLmBgPCr3Q9sJumZroyQa5G38DRbwCJnc8owp,1884436160
2eG7PXq2Gka9ydEtwQ6Y7vpeiKUGGFcHUkYKmzMY7t9o5u2Jk28iUTzejNMc4cU3MuNUW63EWy7Dj6Nn7NZHVcRL,1884436160
3zZpox9D25khUS27DL7jHenPAcXvx46oaf5iMuKn1VUophyvbeLJi3dpdMeFqf6fG16S23B2u9xMnXKYc2Y4xmTC,1884436160
4z38WDdWxkj8PRVkEe4kAWHVNuiXdTBfnwYepJZhLkaCynA8XkpjrS45DDVF7q65RrnCxqr6PDsP9korsZSHR7yg,1884436160
t6psEKC4eNzHCYjeB41juBXPViDgPo56kxXJYrXc4HihFAu19fZd1UXHjX71v2vBQPymytxS4vppuktjJTSL3bC,1884436160
39iuBWRuo25KxTVMg3NiahMGHoZDoFoLRnQgarCFxfahqURMtU1RaVkPnXt5aWi9kC9fR7wJLatmAvT566MkzwGp,1884436160
26u64d9xo79oPSc7XVK9V9cPtxTTCYD9CTMDiPYGbnW97C8PYfjnTq1TBQSQ5JbgELceGv8agjZN7FP8Mp29E1rA,1884436160
htJVubXUhpTbJrN2muNSMPsndDzRM4AuHJnUh9i1gKZyhKi1xwYLikM3DfSHU5JrZw44GS6JeWAHjfjM94gmgZM,1884436160
2HdzCf6Qz6m5zxs2oGyx4Fw8ivWr978gxGLSUWq5bMRWQ6MU2BG9K8EQnYZKyJ2ma9KU6Q1xP4YJfsy5ME7zrcNT,1884436160
UQP3tBj8Zq3fEgFhjcY6Ud4GZiF2yudXn8qDT6zemHSF7XdgwSZ6FvESaMf5qEVYkuUzGyfF4odAuQhtkUeWYSG,1884436160
5gMLQSMRr1JTqxfjS8vPsg8Fp3xQUMgVwiyQX8jwTGB4FCRGBv76Di1eGe3WWD1eNgLVm6EhYNwDfPD6x8F8Skg,1884436160
5u3XfgP9rDfZgrEiPCyvmSvsbxcGzMtWefQW74RL8dCgz37aHQpkKipvxSbVD1hsG88fnK8py1DpJbeAQX3yvJH2,1884436160
4JXeCH6zmw2gMP95f8zHsQ6mpA4psPNk2pKpFXqPkRkVou26Nvnd8mKEk5vxfVeQLDYTWcsKu5ED63xDYT5B6Cet,1884436160
41EufvoDzC3WcCRecmM4jMBq3CyvZ78N2izoyfNUrYWFg5ZKdjq9HuyqCUB58RVD6jooch99fGyFS4EPAWNHnDVT,1884436160
Xt3EPByRPi1y979PDbi567cFgR576w3r3MVtQT1BRH3fUFphtfkfRnn2RcGypM3RyHFANLMgBDm4qVgnJHBe3jS,1884436160
5SwG9mzH6au47AqqM8R46npWmJjWSZvRWGhoajicvwa9EGxZ4wJR2Nd4Q4WMVi7Bh4ZhshBNmsL3uY6ZN6fD9SXr,1884436160
2EwHyRjHXesyjwUcyExo4jaJB9zQaUAdkXpogR7JHqcX76KZQnTWfKTUt5v6m2DBufpBtJybo1tB7gSxUM7W7Pum,1884436160
4Cbvw88QmpwPEj3fXrx5HunXq4KmmitrPqHSobxNV44rjy3zyPDm8vmzL62i46id9yfaAY7SyvnaCrMztu1ZCwPu,1884436160
5y2UyPr7gCT5ZNjJxLHUuHAcEYSygDWEjyrwUbepPESYqHoaoQF1EJGoYTbLCoiSpkB43dy8TxYe2ut2fukZ4yfm,1884436160
2ceGUZCyHVt4xERny5LnqFfxwyEMyY7u6wwebUVFf8PhRigytpacmqZ2WP3LU4r2G7oT6761aasbPrk8HB9ZDghT,1884436160
2MvnDrgZMKqMuQvziRToagnntrLbemtYMM53HCaLWWyeyojioD6WTUrJTPthj52kxZjhDizJnr8tnFt2k3QwJagk,1884436160
4yphkPX3n8FrnWTTVhnoL2a9JVeCj6T5WTcsuTjo6NBwpfvKqtsBNX6cKW9UHrLVYS6PSEMo5tVS3kv8YdYiDizC,1884436160
3cvu5XCZ5gCokVR2EfJUhYJn8te5Y3g51QqmkPoeh4zXFPbbqXY4H3yqU6ERM1NpqdGtPXEgDeBJFDJ9EXyfMzx9,1884436160
4AX2R1nxUPDjHEFd196UUGk1Yty2BKMomJyqhbacnXJRZdH1SQFMkMxkGRUm2Pd4fQ5ZhxaQX9uCgiGuHZhCL3zk,1884436160
4UgLx6VvpoxiseHUbPFMBcShg5ACDANwJcpiuTqCdJnaNqvCcg4CL86639UQDNYHjcMSKWb5TriuZgybNajAZqWY,1884436160
3m7mN7hfLZfocvQkJqW3tPGiMkwhyTFwEzHyUJL82sNmfS4WEzzPv87SgahapDLVpSLHJXTPLdB4imYVATonNKxw,1884436160
5REdfsiFxDDLKcdTwTjhwfz9DZhWva4yqVpEbMdUBaPwAdJM2WAurSt1vHPy1Q5MUM9Lc8PpNF2yoqTWafyumfGd,1884436160
4wbPrn17PD8PZmkUeFtkHufV5Xcek92FTvDW7QkUMGoqvrs7PrPNRbuSx3ujsBiFszo9frQND8cTQRAhm8yge2c4,1884436160
2L2aCgmHnNQ76aMHsbqxuFSZHWR7FaLEeQKZKhyQvrwJugVfmFGHdEUXcbBWXgwUvEfzk8e3uh4aQLU31SWYNS4z,1884436160
36DRuC2cCuSFo3Fx3Qa1dL7hvnaBQSM41MMbzogsYd83gJmjrFJDkkcc3ZjPt1Se3LUfpWir5JzYvGHaJ7uQLwRX,1884436160
2k94Xz9iHE9uv2tijduZwxmk3T3QdcyiDLifFuGH9iUbjg7TaTkDcWjA24e6PXhuosXVMwMSds2NH7Hitz9ZPNJE,1884436160
2GVTMMECCLXK3mAL3Q7q9QDU6qAcTTbwCQLqfprPXyUzmxxUuMwD4mZLZvxkAndd5sFYBvsFSceCGvfn6bKmwRrQ,1884436160
4Y6mTypvbNutDUDKXHaReW4jy5nZeCg87gSSxzD7o8JJqtedoAYLHWxpddh41Fa366m77QFhTxPefD6Rtk6hmrG5,1884436160
4oQvuKrcYFxZACCzWH6f6kQ952mfBMaACcqMwBk9ZtqiS6KrairoqigszQkACG44sGPrgFyxjRTY8G6mYuhfVtGt,1884436160
3r91AEa6p4vrambGnXMJ2qKBo71aLScY4xd1N3ZmT67v9UtJtVyVmnDQxxgx98CV3837NcuzdQtPugkjU5rapCNr,1884436160
3M6itPt7RaWqi2uieS2WFUSjHcAQDXo7bHNWVagcMThfQXk4K4Y4nCM2cUiWhwXb2bxyvRDhrexyqoC1RHEfNWd1,1884436160
JcqAutb2gWGommfthxka266ThrQjnup3uTqqqs3sW5aVpge2utZQtVwSXUVdYYKuaH34RgDcGrrzUqyb7tREvfP,1884436160
2ipMHULYocf2R2abQ21KzcMoKBf1s63KWUHED5SaqWQz5xsehbsEKoH5Qfo6XWB5CttcNNemad66kiHW4K6JZXGw,1884436160
2viPmgtHo8YQBhFmWB1GZSDCam3haoZLRAWJxbf5jnESQFZDqqTVyG3rH45HXcVy49hcCXXfi5JM3Mt65eQtSNZR,1884436160
3bd2RFkqtv1TzrysXBtkmaFynCFUB5ebdz7NY5ebUvt4whAhr8EHCPqGDmJ4SnRqEsxTSRgUCnXBU3eEGYnoFWix,1884436160
4ZQJMGRaPeX3TciuDBu3VLmUasUqgJfcxt7pdfy5yYaMN3iyubfddj2pLyeBMiujr5ABPPMNrbCcEmVvk5eQYUdh,1884436160
STLxLK2myxKEYMTEdVZTVZXtkBBqu9DGNrQw7VP5XYmXKTq6QzbxYLSNx2Z89wbxmVLinbbLqBoc2oVcgF8u1Bn,1884436160
3EqBdh96YUeFkLSpwKQ9g4KACCjQgpPyFAycAc8hLo3X4b7CZ89CbApc5EAJTMpDEHvDqYGa584ysUXsEdRupgsT,1884436160
51Cd2sMLJD6c3j94jMmE7gtPXXC9kmsiWhnXJCUkzVDW377Lpuh7CcA9kS7dkNyPq82Sq9gUoSV2VgSxjoo5w57g,1884436160
49rWdxdPadz1rjxKkdMj6agETnYFK46MsDcKqs2V8n64Hh7gjpHzGgrYuhSYiXVXikfRsC71yQbWn5EsEFhzREqA,1884436160
5YQbp2jq6tDCRX3ogxZdq6bcK2gY12GtymTrCDhxYAUmkbdBMpgsLULNabDoiyEp2amrCDiw4ALmzgPav3cZV37h,1884436160
52kqpZtievusCWtgMrg6oQzbZwF3zR2Tu11YAj9dcFVFZFTayHrPNdFCQeuYPzJpDkHCKMdDzpMAxahT13vkyH8W,1884436160
7jSkDwmFJAeSnp5F8HjoGgfdVx4AQDxYwYCxUpc2MDYqmP7yXgZvTKMxUwAwQKmzXM7Sn5UjahXoRJ3pPkNYfMZ,1884436160
45VuzkDgy98GsTpeQCpvanKVHEi11DfFayq8iaHqfvV5mPz58yTZLZQnNadFRzkZzHxHJMjpaLfvEDxt995x8QbJ,1884436160
361W9JEv3v7WGRPKYQ88vrqZ5YW48F4uDFgrrQwdKe3kk5xBpJqypm1x8kf5HaioE4kWmCDcfoX9DzWfk6Zyf5Ku,1884436160
4tuCDGW1TSWJMarkPxmBQ9QS96oHqydMgjvtYX4fEYvkwiDmz9rTWF2x41BnoEoQe81cTCPbUFuhhiu1rosihpBR,1884436160
3AHMowfiWGHmGuYTSakdGGFYDnDCoBtEUGSuzVG1dXnJkEhPhXpurx6Pm5wk3q6Cnxyj47G1ZpedG8yM3khxjAgi,1884436160
64qJjAVHp64YDS9oe7PPstqWREXsiqwaTMgyU2oGeC2vjwdbZvpQgW46GhjhTckW9Q2WQ1Ujs7jBc5TEsSV2G3W6,1884436160
4vvk36wuKoNrycTnRvpDn2vTDv9uJZmLFncpVa6DYPP1rR1XvgWYqoTUG4b9tLuB6Tv46QXtrAZWyEDHgW3RcTVE,1884436160
Rm68LJkT5vP9e6u5DtJ2n4EwqV9KM1EboawUNeAupSjfLxd8wLNyY5exAA2FfL5Pk7EY4C2xA3BoQKDtQupjvBC,1884436160
vHJzWrGpnS6w8xPaZMyfVX2p6UPTBU5jWm9tGXf4ugpY34EKzu8s1sjYwatTNBzkveXCWvpXhMkM8yytdH72JRr,1884436160
2tyTpd8tzf5uYu2Hx1UuRhtovPbspPmU3kWxNzViodKxADir1zqYXeVXyxYBgPAWmzpCtHZXSSXK44XxnUBRy6aL,1884436160
5QdYVyZt9Jfcwgnj5kzXaWJkaUxpf4ySTczrRqaEtjK82tFHWtmm2TRNh5sqQDDg5YeT3bQaa8MdqwsLS87tni9w,1884436160
2eXGXRRrhkkdSmyQFSmxybfot5pSiBAntVfihkGhdLHXj5qmF41QJNYPJoq6FVY7iWmK46qnQ9HzndEkbpsMMZEv,1884436160
5PTNARKN4mXuWEnw1Fdx2jhTZ7h8mYVoGBRL2ipuwNpwTbdcenvJUrjZSCNjbbjo6v9Hz1kwrhS8aSa3D82wnjwU,1884436160
2yytuCWff6cyrSm4hnEY5ATohACMBm8ytkHdYo6Qvsay7BRkF26PDCjn9wvyFjR1sZdUMTAbz4wpBSV2EL2nFt9h,1884436160
5vfK7jbdp34WrKyj9QfQbHavhA7FqNxMWSsMUBDcNkeQ6SEJnGUXgRD7yKfm7LRE4UfmoGH23Ue9MXytNhFR3wQb,1884436160
4sL6ELsSwrvFBW3erdBHdYCQbTTuKPZgT1GhdtuKW9MS1rVnqTy2PeVoUotnhSQ63GZ3MmPqxqswUi6DRktxyAzC,1884436160
pWqwauoPVZqpzYybbU3MyVHtjK7ktLR3L2AtQh6J9t7qRbPVeskPiFQYtLGy48LafDMk8X1BEzS1KqLrMHj4FeT,1884436160
pAXr2fewSfWeU9LVFtUYGxcF87kanMe37LSWbMi1BfyYyponkB55Ks5EsNVrtexqutWbsmjM4Dsj9CrYwtUPbhx,1884436160
2287CdjSRe8yyeTU36vHWAXAovR6m4tzMDtmFuoejC6JgPRhQE1mcmtzg64rj2nP4gaJY4zRzoadqb46jRHZUDzy,1884436160
2hUfvspuFU7aHerQRJ4nNreXXCSFq766JrAm8HvptinumnwoNWhhQHEhDPxfVTj7SZ8XHhGV7iQFTSAArLTwKDWV,1884436160
ppi2woHXw3DTYZAr7iZmtLuRm78fXMzVwkMLJyouvFdw69upnmNnnaoGj9iGn5wL47h1Wa1kBAanTs9KtWkLAUP,1884436160
5h64Aq4HjqUqrvyhuWnRJyKQxSyxmEgY1r1Tdc4prPmGCUMxoV1SG8RmdCZEBXxhZfw9jRMXFyHt9TjD7DbaicZV,1884436160
2BaWpyeNMYj58CQgY6xHbKM1LALCpFXw1fbPm7u3h7pProtZfV76ye33PppweJbWM7rLSNZHwujwaY7dPCDZoPiq,1884436160
4zHKvSwiKt5Zrnw7pPCiE9PenRfSAg6d6YTDWdmuDZiFvCDSyfqjjRmA3rfPWPEdgH19Lbj7PBris3RFhhDryNfj,1884436160
5LEd2hzT5qaMvQcR1dtcew5vzYSYcPK4hHeyMXTm2Pqf9cDWyWYK5peWBbJyX5dBZFfZF78sL1y3Uwp6D6pXDvd5,1884436160
3Q6ZGotpQ1yoz8GffJCXj5wxDBDM7kbz5YzT4rqvYSj58SkLedgGtQeHCkrPFQzUXcoEdFJCixGjCLus6YDz4tmU,1884436160
2C6BM87FsbRbfysQ75LR9pXMASLbqnhChF7tMCVF6TEmg2E3JLLxxiFTWjV8WX2qqZsp3q2HRRfgTGYZwSrKuVm5,1884436160
qBctEWdt9ucyn91QRg2NiLfcDqKWPxdqaFTZrpwTCbuy4LyxedCs9eqAdSYE9cbtkN8gjJfMK5PPzHVBebPe73S,1884436160
3EEJmAWQ7z2FYaCrJ73AbwoE6ZEy3NNdTSChL3PTDDSvSeJmdh4hQqSq48dfS2CG3r4kJTQ88jhdFzu8BRukdG5q,1884436160
sVf1U2vAGB4Fiq1eDUAnUayhpt5YoyNborzkTDjuGjHh8WUJYZyGdEyEkM42fY7mMJJrBE5kNJMtNhacseg8ats,1884436160
oVpUhFwAQTFRdf438b39Qyw2UE9qmNk74RyeEHm19RHLLju4QtwF8irGiNfmyDUxykPUCo9om38eDJVL31173NB,1884436160
4fedgZsDNkukyPwC38W471iYbswHqYfHtcKfD95LLdtvo8aH7UHQ1ArvqY659hZCf1fWSkGximxKEjF9tXe45Rti,1884436160
2oFB9ynPAs1SNRdcicG8yepFX5KYZvyeFfCN167LbtmSLcRSy3LefkeBLe3wUHa22eBvC8uRrnRGgY9UdAYxu5BB,1884436160
61PzaJX3bf5UGopW7FvRkrJe2wunsDKjsqft5FXC1rJyapJr4uWxXSwJco4VhkLc5sRkaVXETMJ1Rjk8J5W9W96X,1884436160
4VYMqmnmEJULJL5vFaTHAUeWDt9FxbA6GHkWJGH6EdbueixrydtU3SKRiJf8BJCeGjoYogjasXNpb2gBBbYNcg4v,1884436160
54c8YqVEvmxBKEvFuo5AF13qYd9PHQ9L89pQv57PrxzZZJLYBuKWoUCAxPojEP8NzzzCa5RivrFB9wzknNd13Rcr,1884436160
2Xj21xbn1D2tdatXSAY5oSEQoGTWQsmCoCFB51rbXDHEyrFg9nYXSBMGGxd6uce7f3cSUfJbRbjyj2Sc8sH1FZBR,1884436160
4LB3Nu14R2tXhuYRPrRFfo1gXqSbaZ6Znkp7PKirjzrhAHx2zxYaDK1ZkBE7Xs2Qxqpsj5q4ZFsfZXBPApFiFKyG,1884436160
5bKetSfx7dCCCw7cgcfUYvZRfwV8E7WeDNVW97yWDq1PGZhdtNp4d8fR7CJrHxZa7ng47sGQixQwx6Nos5u9bJrz,1884436160
4ceJmJ5LjPVYnKCegqtFrz5QqJs8YL6bT5sZV3avhAYyCtGirKxr4qApUVukcz6FJC17tMrMYVzBAxtFZ4uMwoxc,1884436160
5E9YRW4RH7zFyzw5JvhtQXsvJcbvBjkHpMYbxoQxxJwhNnZyqGJaRmayZ8TCZhy6KoJkEyv1Q6YNZgUzJTyQUePr,1884436160
4oWXyRhpLjRDYDySYxUb3yr2VDLWX5odbdypQkZFSNXkTQLggeDCC5jeDNZUzPLY812qLKSHGMY6DY4DjvfKdkF9,1884436160
66tdS6ocdiV87H34XZdVNLDVHhk9ZQ3ZULNLYKV8sTtbNoRortvZ5XM4VpEHVn1BETtbGoB1mHRW9u6GGSXEZg1y,1884436160
3jd1YkfXjgo42x2wM8wUNQL2TUaQpNtB3hpxCZ3yC9ndA4PpWGTJNe9aT9YY8gMmAUSpUc1TBAiBTCBVqoEe6eh6,1884436160
kqX8w3U1aXRtvsJAkMfW5ggBtchU21dLY4Ea91cKeAMBuQzTcywoiR4RUbEYm6GcguWDVK5ghd7VgeXuMwqKPwc,1884436160
5uogoejwoTMDVuZohw74Z8bP3VCyUyhZMUWTwh7y2Bo2bFg9ysThf48QvPBk2Wct4Y4qdgGVs8AyFkJU1taJ94c2,1884436160
3QgZqKBvABK6JYxyoPAcsz1uU7GofhaEjJu5Uw9ktuJG4tcG3kchM3uYPHypsfgYu6m4B7pQw1zxo8zpoEd2KEek,1884436160
4QiYQ1aryvZ3wrVftq4CTQtTdcveTFXX49YHp3SsfuXEMhT2UpbR9K6HnVYgwhbQPKwt3goKSMdSqXmnsLNLaXRf,1884436160
3MsmFVrLdW2AdrB8gN1jWHdmDoChJEyt7abVPJzNUjrTv6RGGcPxftaLUP6AhTjVNnzSmMVEaB6T2pskS5cbz2oQ,1884436160
5r7QYm8uA48kFPDTgAY8qqtZjZ7UiBKodS6WTCq3KLTpcgKXW2F3ULQoRaDrCzGvskk2fuu7Mv3HDkc3Sa2iU5L8,1884436160
5ZSU42Y1XRLBXXsenVHwn2p4iPns5M1bJfyrZBhqgcMZ97tpWoXLo3MPGqTRjhQBQwrGCjAye8voT6pD7r84Pnws,1884436160
5f6aqsCtAL9YzVGJWYBUQRMcNVAuhqXXDxqJbEGmSWSeuts3pJsmsK2YZyJBVUywN8sax7SV9gR5hKzPqkTKoJKy,1884436160
3wttGXARvDDMNpNCJi4qqRYMNmZk5pQKhAYvEUirDgKp6sTsEhecV97wC8TS7uaawq37ccYAAMSPSQHJWG66U5MA,1884436160
4pqbZbcCRknve6Ev8B6AUu1HZ8EESRqfZnSkJGQvgjAiM379VsKG7GwZK9ngSwPfANJTAdYAcJBtVQ8FXCVrdsTg,1884436160
yEzFq3FTtVsqp8bP3CgP1RPyQF3EG9dsZcmXAM5r1zPSLveA2q6M2xCZxb2kA7LmTAdFFDzZyQDSRzpLraAsUsb,1884436160
3okE9tgnLs78DxTc3nK9DuercDF1cwRkFqhpvXmzAbu6j6mCRJGyRqbCAVTf2GoaRkXW8BEftM9nRhmJAZ12b2EH,1884436160
4qT7ARXcRyn3upKC7XHyxfQzFL8es3sMv66Jt9Gvz4nm9Lwv3SUmfxwiR1TbBrteuvY1Ps1SnhCAb1B2EqombWRq,1884436160
47grpLSyt4CQC5p9NTKeMBx7N2zEMM1ykydYrpcjV8fTnJ9vZyWiGnNLEEhcqyhfdWD8xH9B7k5ZfAzGCMmqs2Jy,1884436160
5JbPboYxnBxQ4TwL4bFFFTYVhxgdZ85pPJ3tF95fQByZbZj7Cu5dB3EQQgjQzsc88j5guXXvgsUEx3fF9AXJYDie,1884436160
3rmWgLWMqTBHdkVpPh6eMPvvMD4jqVAXEuw87cesTatinWMvXq1j68RDAMgHcwcj8svxJ9wZTBtHPeQGQ9JoJ1LP,1884436160
44g6EEoSxEL4FpmzUfrzQPZd493iV2oXefbKPz4s2L3VqjFBUquJRxLZPJN9JNp87paRESWtGZGZbBeq33uyFxH1,1884436160
3E5euqjZkA7BThQ7YFiumMx8E12Ws7cK7uW4JjubGTbLLpjJbhYvhXNArW2gQcFtubGuMD7QEP3McS2vY34LZYWH,1884436160
3K2xHHmazyx34zwrtDuYWVUcEkSmePxXvQhAPFVecrZiorHAVNiBS4tR8tyv1Ytnvjmg47bewTyELaWw4WLyn4o1,1884436160
62KxdrKERASrqsnLGC1bDhUQwp42m9EMgJMqvN7Ln3DuYiCfxKfNRpCgWTSCaM8tauQba6E74GdQ33c6fm7XX5d5,1884436160
La9E6QDMfYuQQWpoVzKUBChP2P6EjtzXa8Frd3TReTmyEJ2hGTmCAdwnJW46YFftpFegp1ixkG5bjqvUsNejf41,1884436160
LsYgaG8HvxEApf5aAZZoUxZRBRPJ6NaYMMpXwAkmYJ5jAyb6Nxjz6VAveaKBUymiMry9zhKphtdZeHDPkpMWUZD,1884436160
5dzUw6sRBTe26M8WgvYN1LUsHAeo4QkcHsi2qSfKR3bDMroWfQBqkBJnGsArCgAyDx6JXXBSb65AFmG65jYrupZT,1884436160
51AHWFeDrrTpC5jcE1YYHYMFzzmWuHpG8HHuQhGrzDG67tgQAGqjSLtVWcg1JdQqD444jFBrWjY5HG2uVs8CMTMd,1884436160
3WBaEgraKahvDaHvAMFMZ3JUtk6uWWsWEEgEdCjjehVJsqEdnus2zuan2Hc1fALSnz67ncZoBQnk2aoFDcs3uNHp,1884436160
2yVdVfnmdqf4tjbNhe1tGKBN4zpi1XAumUiAcs21XDVRM4eUSePVzAjJTrYAzY7Mj1WYDPfqvQmUCHADDbz3TfVD,1884436160
xZkDBSxcTPQWCX7dUpErxX78BuCKquXU48R8cZgvtffiir8UH4nPmJbqs81HpqDW2GGni23svW8Jjgy6p8g2mGz,1884436160
3yAityHFavs8mgvvHuGLP38PzyFq9FP2ScVkzjyUyVZh7hEwQR8ESoBRGua39umtJ2QibgK3v4n6SERJEEUdvTPz,1884436160
3pQVNG7GPXgkcyfT9dgcPpgmx49kLnrszVXMtVYFRiNcuPSqzttzqrYJxTSre99zoByyowZEVCLQUyXQreRmGSWY,1884436160
124yxfa8oaDZukmVRZpe4De82zHeaoxCkdd7fbpUC12Hped2DMGHrSauFZcHETDtd3Lt8NV6dpxoPgspAR6fQxfL,1884436160
5WAhERjtNtvn14ykn8aqc7AKSSikgKDbotMqRSYL85iRZtuHuzQgsSoh4yMgEMbc9Ca9CDkQNacHe4UmuvzXRXwL,1884436160
37wD7hcxeZbcDCxsFAKiDD8FDAkQaYRsZsRmQEV5sddQf3dqBbeameuGeekTyUK6yJiBrbXxXByxv9n9ofg2PbDc,1884436160
S3hisVvFEMRz4EEihzDhKZjKJpUm46VunfHqmvLztShvHdy21gczgoXipzbpRQrRGpDkHraNvvuG3RjPoFmPtVU,1884436160
3K6k6EQ8t6XiYAzXJSxwavyQ9QAwq4CZXnNivm5BMh6bKcCBdT69wXfDiaGPtb7TCL6qY1nJtGTomgZZB9MPd4mj,1884436160
5ynAAxdw3iwD8WcBfTkQ4MdejoLXKz39u6p8tX2BYDCRvs6AHfVLkb5sivQde9JfHxjh5BaooLTqtUBEjmH9TeKv,1884436160
3YvQjwdyR4Z4jcPkcKSFbioaVJ2jshKJNcAaV1gRC3VrQ9J3qMtSsseNcot8akEVuvr8tYfgFnCiYQPGTSTTSFcR,1884436160
2Y5BopmdwMSU9BGKXfH8BBbm4XQwDFqG8Vvoq3Pgv1GNnN46p84B3VThMhY7dYSuXas3Gm8yyCgsZZ6AuQHAAdrj,1884436160
35u9Jf1wN4Z25cHq1S2bnzDpEKXCe6sMZjFC3EjWipAFQencjLFbWfnfmJataA7ssnUTYbiBXDxVuCYoAAt4HNHh,1884436160
2vPAgc6yyzPYEAfGCy1cGqkuQX2wTNVKTVTKZepRwNC2FnQ7ZH8LnKaW32wBMfjkFZ8tZRvguBNXA2PLeKMixKba,1884436160
g1aJLLz4yfAERrXVFpoDwTMQuPqYACa4nxmRqk5E2VZdPAKnBNHiSDwXRCTgJVKRmqMMX6ZWVXTSjLyR9unWat6,1884436160
4RvmzoRTQhHHYXw9MBMvwbgaBtXkSkKDFXmTkLDP1TkTqvRhtEa4P9jWfeyhdmnnaQJ6s25yRefXDxxVdQqDJG8h,1884436160
2uzMewMjLaXLBt7LDKEZYS5WygASu3ENaEdQhUhinZQCLzWEma3ci22sZq2QJNufnNXeoXp6vwaea7fGBHJyPv9n,1884436160
xSHUjfaW3H2tafzmch2cvyN112BTx5ubvHo7pS4pncL34W2xi38fWScTBZn3qHA6rPbWcAVsw98phDpsihku24m,1884436160
5tayomvHjjGTSbg27rUDN9Nn5ni2om7tM3Cbb3owtrCAjZVpoPxcWrmPG6eFarYg9gu9wZCn7rF8zF3um4zAWvYP,1884436160
4HMVbz1TY88MDqSQ2jnh7ur6FT1qed3YijESHEpRudPysVAxd8r7QbsyrkLk3QoLGKM3YYkzRz6iDF67kFg14z6A,1884436160
